-- MySQL dump 10.13  Distrib 8.0.26, for Win64 (x86_64)
--
-- Host: localhost    Database: datawinter
-- ------------------------------------------------------
-- Server version	8.0.26

/*!40101 SET @OLD_CHARACTER_SET_CLIENT=@@CHARACTER_SET_CLIENT */;
/*!40101 SET @OLD_CHARACTER_SET_RESULTS=@@CHARACTER_SET_RESULTS */;
/*!40101 SET @OLD_COLLATION_CONNECTION=@@COLLATION_CONNECTION */;
/*!50503 SET NAMES utf8 */;
/*!40103 SET @OLD_TIME_ZONE=@@TIME_ZONE */;
/*!40103 SET TIME_ZONE='+00:00' */;
/*!40014 SET @OLD_UNIQUE_CHECKS=@@UNIQUE_CHECKS, UNIQUE_CHECKS=0 */;
/*!40014 SET @OLD_FOREIGN_KEY_CHECKS=@@FOREIGN_KEY_CHECKS, FOREIGN_KEY_CHECKS=0 */;
/*!40101 SET @OLD_SQL_MODE=@@SQL_MODE, SQL_MODE='NO_AUTO_VALUE_ON_ZERO' */;
/*!40111 SET @OLD_SQL_NOTES=@@SQL_NOTES, SQL_NOTES=0 */;

--
-- Table structure for table `image`
--

DROP TABLE IF EXISTS `image`;
/*!40101 SET @saved_cs_client     = @@character_set_client */;
/*!50503 SET character_set_client = utf8mb4 */;
CREATE TABLE `image` (
  `image_id` int NOT NULL,
  `location` varchar(25) NOT NULL,
  `type` enum('selfie','group','scape','interior','documentation') NOT NULL,
  `student_id` int NOT NULL,
  PRIMARY KEY (`image_id`),
  KEY `fk_image_student_idx` (`student_id`),
  CONSTRAINT `fk_image_student` FOREIGN KEY (`student_id`) REFERENCES `student` (`student_id`)
) ENGINE=InnoDB DEFAULT CHARSET=utf8mb3;
/*!40101 SET character_set_client = @saved_cs_client */;

--
-- Dumping data for table `image`
--

LOCK TABLES `image` WRITE;
/*!40000 ALTER TABLE `image` DISABLE KEYS */;
INSERT INTO `image` VALUES (1,'School','documentation',1),(2,'School','documentation',1),(3,'School','documentation',1),(4,'School','documentation',1),(5,'School','documentation',1),(6,'School','documentation',1),(7,'School','documentation',1),(8,'School','documentation',1),(9,'School','documentation',1),(10,'School','documentation',1),(11,'School','documentation',1),(12,'School','documentation',1),(13,'School','documentation',1),(14,'Home','documentation',1),(15,'Home','documentation',1),(16,'Social Setting','group',1),(17,'Social Setting','group',1),(18,'Work','selfie',1),(19,'Work','selfie',1),(20,'Other','documentation',1),(21,'Social Setting','group',2),(22,'Social Setting','group',2),(23,'Social Setting','group',2),(24,'Social Setting','group',2),(25,'Social Setting','group',2),(26,'Social Setting','group',2),(27,'Social Setting','group',2),(28,'School','documentation',2),(29,'School','documentation',2),(30,'School','documentation',2),(31,'School','documentation',2),(32,'School','documentation',2),(33,'School','documentation',2),(34,'Home','documentation',2),(35,'Home','documentation',2),(36,'Outdoor','scape',2),(37,'Outdoor','scape',2),(38,'Outdoor','scape',2),(39,'School','interior',2),(40,'Social Setting','selfie',2),(41,'School','documentation',3),(42,'School','documentation',3),(43,'School','documentation',3),(44,'School','documentation',3),(45,'School','documentation',3),(46,'School','documentation',3),(47,'School','documentation',3),(48,'School','documentation',3),(49,'School','documentation',3),(50,'School','documentation',3),(51,'School','documentation',3),(52,'School','documentation',3),(53,'School','documentation',3),(54,'School','documentation',3),(55,'Work','documentation',3),(56,'Work','documentation',3),(57,'Outdoor','documentation',3),(58,'Outdoor','documentation',3),(59,'Interior','documentation',3),(60,'Interior','documentation',3),(61,'Social Setting','group',4),(62,'Social Setting','group',4),(63,'Social Setting','group',4),(64,'Social Setting','group',4),(65,'Social Setting','group',4),(66,'Social Setting','group',4),(67,'Social Setting','scape',4),(68,'Social Setting','scape',4),(69,'Work','documentation',4),(70,'Work','documentation',4),(71,'Work','documentation',4),(72,'School','documentation',4),(73,'School','documentation',4),(74,'School','documentation',4),(75,'School','documentation',4),(76,'School','documentation',4),(77,'School','documentation',4),(78,'Home','documentation',4),(79,'Home','documentation',4),(80,'Home','documentation',4),(81,'Home','selfie',1),(82,'house ','documentation',6),(83,'BYUI book store','interior',6),(84,'store','group',6),(85,'store','group',6),(86,'store','group',6),(87,'store','group',6),(88,'store','group',6),(89,'school','documentation',6),(90,'school','documentation',6),(91,'school','documentation',6),(92,'school','documentation',6),(93,'house ','group',6),(94,'car','scape',6),(95,'car','group',6),(96,'car','group',6),(97,'car','group',6),(98,'car','group',6),(99,'car','group',6),(100,'school','documentation',6),(101,'school','documentation',7),(102,'school','documentation',7),(103,'school','documentation',7),(104,'school','documentation',7),(105,'school','documentation',7),(106,'school','documentation',7),(107,'school','documentation',7),(108,'school','documentation',7),(109,'school','documentation',7),(110,'school','documentation',7),(111,'school','documentation',7),(112,'school','documentation',7),(113,'school','documentation',7),(114,'school','documentation',7),(115,'school','documentation',7),(116,'school','documentation',7),(117,'school','documentation',7),(118,'school','documentation',7),(119,'school','documentation',7),(120,'school','documentation',7),(121,'school','documentation',8),(122,'school','documentation',8),(123,'school','documentation',8),(124,'school','documentation',8),(125,'school','documentation',8),(126,'school','documentation',8),(127,'school','documentation',8),(128,'R mountin','scape',8),(129,'R mountin','scape',8),(130,'R mountin','scape',8),(131,'R mountin','scape',8),(132,'R mountin','scape',8),(133,'R mountin','scape',8),(134,'R mountin','scape',8),(135,'R mountin','scape',8),(136,'R mountin','scape',8),(137,'school','group',8),(138,'school','group',8),(139,'school','group',8),(140,'school','group',8),(141,'Salt Lake','group',9),(142,'Salt Lake','group',9),(143,'Salt Lake','group',9),(144,'Salt Lake','group',9),(145,'Salt Lake','group',9),(146,'Salt Lake','group',9),(147,'Salt Lake','group',9),(148,'Salt Lake','group',9),(149,'Salt Lake','group',9),(150,'Salt Lake','group',9),(151,'Salt Lake','group',9),(152,'Salt Lake','group',9),(153,'Salt Lake','group',9),(154,'online','documentation',9),(155,'online','documentation',9),(156,'online','documentation',9),(157,'online','documentation',9),(158,'car','group',9),(159,'car','group',9),(160,'car','group',9),(161,'Filmore Utah','scape',5),(162,'Filmore Utah','scape',5),(163,'Filmore Utah','scape',5),(164,'Filmore Utah','scape',5),(165,'Filmore Utah','scape',5),(166,'Filmore Utah','scape',5),(167,'Filmore Utah','scape',5),(168,'Filmore Utah','scape',5),(169,'Filmore Utah','scape',5),(170,'Filmore Utah','scape',5),(171,'school','documentation',5),(172,'school','documentation',5),(173,'school','documentation',5),(174,'school','documentation',5),(175,'school','documentation',5),(176,'school','documentation',5),(177,'school','documentation',5),(178,'school','documentation',5),(179,'school','documentation',5),(180,'school','documentation',5),(181,'home','interior',10),(182,'work','interior',10),(183,'home','scape',10),(184,'car','interior',10),(185,'car','interior',10),(186,'car','interior',10),(187,'car','interior',10),(188,'car','interior',10),(189,'school','documentation',10),(190,'outside','group',10),(191,'outside','group',10),(192,'outside','group',10),(193,'outside','group',10),(194,'outside','group',10),(195,'outside','documentation',10),(196,'outside','documentation',10),(197,'outside','documentation',10),(198,'work','interior',10),(199,'work','interior',10),(200,'work','interior',10),(201,'Outdoor','group',11),(202,'Outdoor','group',11),(203,'Outdoor','group',11),(212,'Work','documentation',11),(213,'Work','documentation',11),(214,'Work','documentation',11),(215,'Work','documentation',11),(216,'Work','documentation',11),(217,'Work','documentation',11),(218,'Work','documentation',11),(219,'Work','documentation',11),(220,'Work','documentation',11),(221,'Home','interior',12),(222,'Outdoors','selfie',12),(223,'Outdoors','selfie',12),(224,'Home','scape',12),(225,'Work','documentation',12),(226,'Work','documentation',12),(227,'Work','documentation',12),(228,'Work','documentation',12),(229,'Work','documentation',12),(230,'Work','documentation',12),(231,'Work','documentation',12),(232,'Work','documentation',12),(233,'Work','documentation',12),(234,'Work','documentation',12),(235,'Outdoors','scape',12),(236,'Outdoors','scape',12),(237,'Outdoors','scape',12),(238,'Outdoors','scape',12),(239,'Outdoors','scape',12),(240,'Home','documentation',12),(241,'Indoors','group',13),(242,'Work','documentation',13),(243,'Work','documentation',13),(244,'Outdoors','interior',13),(245,'Work','documentation',13),(246,'Indoors','selfie',13),(247,'Work','documentation',13),(248,'Home','interior',13),(249,'Home','interior',13),(250,'Home','interior',13),(251,'Indoors','documentation',13),(252,'Outdoors','scape',13),(253,'Work','group',13),(254,'Work','documentation',13),(255,'Home','documentation',13),(256,'Home','documentation',13),(257,'Outdoors','group',13),(258,'Work','documentation',13),(259,'Work','interior',13),(260,'Work','interior',13),(261,'home','interior',14),(262,'pets','group',14),(263,'pets','group',14),(264,'pets','group',14),(265,'pets','group',14),(266,'pets','interior',14),(267,'pets','interior',14),(268,'outdoors','interior',14),(269,'outdoors','interior',14),(270,'outdoors','group',14),(271,'outdoors','group',14),(272,'outdoors','group',14),(273,'outdoors','interior',14),(274,'outdoors','interior',14),(275,'outdoors','interior',14),(276,'pets','group',14),(277,'pets','interior',14),(278,'Social Setting','selfie',14),(279,'pets','interior',14),(280,'work','interior',14),(281,'Outdoors','selfie',15),(282,'Outdoors','selfie',15),(283,'Outdoors','selfie',15),(284,'Social Setting','group',15),(285,'Social Setting','group',15),(286,'Social Setting','group',15),(287,'Social Setting','group',15),(288,'Social Setting','group',15),(289,'Social Setting','group',15),(290,'Social Setting','group',15),(291,'Social Setting','interior',15),(292,'Recipes','documentation',15),(293,'Recipes','documentation',15),(294,'Recipes','documentation',15),(295,'Recipes','documentation',15),(296,'Recipes','documentation',15),(297,'Recipes','documentation',15),(298,'Recipes','documentation',15),(299,'Recipes','documentation',15),(300,'Recipes','documentation',15),(301,'Home','documentation',16),(302,'Home','documentation',16),(303,'Outdoors','group',16),(304,'Outdoors','scape',16),(305,'Note Taking','documentation',16),(306,'Note Taking','documentation',16),(307,'Note Taking','documentation',16),(308,'Note Taking','documentation',16),(309,'Note Taking','documentation',16),(310,'Landscape','documentation',16),(311,'Landscape','scape',16),(312,'Landscape','scape',16),(313,'Outdoors','selfie',16),(314,'Outdoors','selfie',16),(315,'Outdoors','selfie',16),(316,'Landscape','scape',16),(317,'Landscape','scape',16),(318,'Landscape','scape',16),(319,'Landscape','scape',16),(320,'Group Photo','scape',16),(321,'Landscape','scape',16),(322,'Landscape','scape',16),(323,'Note Taking','documentation',16),(324,'Note Taking','interior',17),(325,'Note Taking','interior',17),(326,'Note Taking','interior',17),(328,'Note Taking','interior',17),(329,'Note Taking','documentation',17),(330,'Note Taking','documentation',17),(331,'Note Taking','documentation',17),(332,'Note Taking','interior',17),(333,'Note Taking','documentation',17),(334,'Note Taking','interior',17),(335,'Note Taking','interior',17),(336,'Note Taking','interior',17),(337,'Note Taking','documentation',17),(338,'Note Taking','documentation',17),(339,'Note Taking','documentation',17),(340,'Note Taking','documentation',17),(341,'Note Taking','documentation',17),(342,'Note Taking','documentation',17),(343,'Note Taking','documentation',17),(344,'landscape','scape',17),(345,'Social Setting','group',19),(346,'Social Setting','group',19),(347,'Social Setting','group',19),(348,'Home','interior',19),(349,'Social Setting','group',19),(350,'Social Setting','group',19),(351,'Outdoors','group',19),(352,'Outdoors','group',19),(353,'Outdoors','group',19),(354,'Outdoors','group',19),(355,'Work','group',19),(356,'Work','group',19),(357,'Work','group',19),(358,'Work','group',19),(359,'Work','group',19),(360,'School','group',19),(361,'School','group',19),(362,'School','group',19),(363,'Outdoors','group',19),(364,'School','group',19),(365,'Other','documentation',18),(366,'Home','interior',18),(367,'Home','interior',18),(368,'Other','documentation',18),(369,'Home','group',18),(370,'Other','documentation',18),(371,'Outdoors','selfie',18),(372,'Outdoors','selfie',18),(373,'Outdoors','group',18),(374,'Home','group',18),(375,'Home','group',18),(376,'Home','group',18),(377,'Home','interior',18),(378,'Home','interior',18),(379,'Home','interior',18),(380,'Home','interior',18),(381,'Home','interior',18),(382,'Other','documentation',18),(383,'Social Setting','group',18),(384,'Social Setting','group',18),(385,'Social Setting','group',20),(386,'Social Setting','group',20),(387,'Social Setting','group',20),(388,'Social Setting','interior',20),(389,'Social Setting','group',20),(390,'Social Setting','group',20),(391,'Social Setting','group',20),(392,'Outdoors','interior',20),(393,'Home','interior',20),(394,'Home','interior',20),(395,'Home','interior',20),(396,'Home','documentation',20),(397,'Outdoors','interior',20),(398,'Social Setting','group',20),(399,'Social Setting','group',20),(400,'Home','interior',20),(401,'Social Setting','interior',20),(402,'Social Setting','interior',20),(403,'Home','group',20),(404,'Home','group',20),(405,'Home','group',21),(406,'Home','group',21),(407,'Home','group',21),(408,'Home','group',21),(409,'Home','group',21),(410,'Outdoors','scape',21),(411,'Outdoors','scape',21),(412,'Social Setting','group',21),(413,'Social Setting','group',21),(414,'Social Setting','group',21),(415,'Social Setting','group',21),(416,'Other','documentation',21),(417,'Other','documentation',21),(418,'Other','documentation',21),(419,'Other','documentation',21),(420,'Other','documentation',21),(421,'Other','documentation',21),(422,'Other','documentation',21),(423,'Other','documentation',21),(424,'Other','documentation',21),(425,'Outdoors','scape',22),(426,'Outdoors','scape',22),(427,'Outdoors','scape',22),(428,'Outdoors','scape',22),(429,'Outdoors','scape',22),(430,'Home','selfie',22),(431,'Home','selfie',22),(432,'Other','selfie',22),(433,'Other','selfie',22),(434,'Other','selfie',22),(435,'Other','selfie',22),(436,'Other','selfie',22),(437,'Other','selfie',22),(438,'Outdoors','group',22),(439,'Other','interior',22),(440,'Other','interior',22),(441,'Home','interior',22),(442,'Other','documentation',22),(443,'Other','documentation',22),(444,'Other','documentation',22),(445,'Outdoors','selfie',23),(446,'Outdoors','selfie',23),(447,'Outdoors','selfie',23),(448,'Outdoors','selfie',23),(449,'Home','group',23),(450,'Home','group',23),(451,'Home','group',23),(452,'Home','group',23),(453,'Outdoors','scape',23),(454,'Outdoors','scape',23),(455,'Outdoors','scape',23),(456,'Outdoors','scape',23),(457,'Home','interior',23),(458,'Home','interior',23),(459,'Home','interior',23),(460,'Home','interior',23),(461,'Outdoors','group',23),(462,'Outdoors','group',23),(463,'Outdoors','group',23),(464,'Outdoors','group',23),(465,'Outdoors','scape',25),(466,'Outdoors','scape',25),(467,'Outdoors','scape',25),(468,'Outdoors','scape',25),(469,'Outdoors','scape',25),(470,'Outdoors','scape',25),(471,'Outdoors','scape',25),(472,'Outdoors','scape',25),(473,'Outdoors','scape',25),(474,'Outdoors','scape',25),(475,'Outdoors','scape',25),(476,'Outdoors','scape',25),(477,'Outdoors','scape',25),(478,'Outdoors','scape',25),(479,'Outdoors','scape',25),(480,'Outdoors','scape',25),(481,'Outdoors','scape',25),(482,'Outdoors','scape',25),(483,'Outdoors','scape',25),(484,'Outdoors','scape',25),(485,'Home ','documentation',26),(486,'Home ','documentation',26),(487,'Home ','documentation',26),(488,'Home ','documentation',26),(489,'Home ','documentation',26),(490,'Home ','documentation',26),(491,'Home ','documentation',26),(492,'Home ','documentation',26),(493,'Home ','documentation',26),(494,'Home ','documentation',26),(495,'Home ','documentation',26),(496,'Home ','documentation',26),(497,'Home ','documentation',26),(498,'Home ','documentation',26),(499,'Home ','documentation',26),(500,'Home ','documentation',26),(501,'Home ','documentation',26),(502,'Home ','documentation',26),(503,'Home ','documentation',26),(504,'Home ','documentation',26),(505,'Work','documentation',26),(506,'Work','documentation',26),(507,'Work','documentation',26),(508,'Work','documentation',26),(509,'Home ','scape',26),(510,'Home ','scape',26),(511,'Home ','interior',26),(512,'Home ','interior',27),(513,'Work','interior',27),(514,'Work','interior',27),(515,'Work','interior',27),(516,'Work','interior',27),(517,'Work','interior',27),(518,'Work','interior',27),(519,'Work','documentation',27),(520,'Work','documentation',27),(521,'Work','documentation',27),(522,'Work','documentation',27),(523,'Work','documentation',27),(524,'Work','documentation',27),(525,'Work','documentation',27),(526,'Outdoors','scape',24),(527,'Outdoors','scape',24),(528,'Outdoors','scape',24),(529,'Outdoors','scape',24),(530,'Outdoors','scape',24),(531,'Outdoors','scape',24),(532,'Outdoors','scape',24),(533,'Outdoors','scape',24),(534,'Outdoors','scape',24),(535,'Outdoors','scape',24),(536,'Outdoors','scape',24),(537,'Outdoors','scape',24),(538,'Outdoors','scape',24),(539,'Outdoors','scape',24),(540,'Outdoors','scape',24),(541,'Outdoors','scape',24),(542,'Outdoors','scape',24),(543,'Outdoors','scape',24),(544,'Outdoors','scape',24),(545,'Outdoors','scape',24),(546,'Home ','documentation',29),(547,'Home ','documentation',29),(548,'Home ','documentation',29),(549,'Home ','documentation',29),(550,'Outdoors','interior',29),(551,'Work','documentation',29),(552,'Home ','documentation',29),(553,'Home ','documentation',29),(554,'Work','documentation',29),(555,'Outdoors','group',29),(556,'Outdoors','group',29),(557,'Outdoors','group',29),(558,'Outdoors','group',29),(559,'Outdoors','interior',29),(560,'Home ','documentation',29),(561,'Home ','documentation',29),(562,'Home ','documentation',29),(563,'Home ','documentation',29),(564,'Home ','documentation',29),(565,'Home ','documentation',29),(566,'Home ','documentation',28),(567,'Home ','documentation',28),(568,'Work','documentation',28),(569,'Work','documentation',28),(570,'Social Setting','group',28),(571,'Social Setting','group',28),(572,'Social Setting','group',28),(573,'Social Setting','group',28),(574,'Social Setting','group',28),(575,'Social Setting','group',28),(576,'Home ','documentation',28),(577,'Work','documentation',28),(578,'Other','documentation',28),(579,'Home ','documentation',28),(580,'Work','documentation',28),(581,'Work','documentation',28),(582,'Work','documentation',28),(583,'Work','documentation',28),(584,'Other','documentation',28),(585,'Other','documentation',28),(586,'Internet','documentation',30),(587,'Social ','interior',30),(588,'Internet ','documentation',30),(589,'Internet ','documentation',30),(590,'Internet','documentation',30),(591,'Home','interior',30),(592,'Home','interior',30),(593,'Outdoors','selfie',30),(594,'Outdoors','selfie',30),(595,'Internet','documentation',30),(596,'Social ','selfie',30),(597,'Home','documentation',30),(598,'Work','selfie',30),(599,'Internet','documentation',30),(600,'Work','documentation',30),(601,'Internet','documentation',30),(602,'Home','documentation',30),(603,'Home','documentation',30),(604,'Home','documentation',30),(605,'school','selfie',31),(606,'school','selfie',31),(607,'school','selfie',31),(608,'work','documentation',31),(609,'outdoors','selfie',31),(610,'outdoors','selfie',31),(611,'outdoors','selfie',31),(612,'outdoors','selfie',31),(613,'outdoors','selfie',31),(614,'outdoors','selfie',31),(615,'outdoors','selfie',31),(616,'outdoors','scape',31),(617,'outdoors','scape',31),(618,'outdoors','scape',31),(619,'outdoors','scape',31),(620,'outdoors','scape',31),(621,'outdoors','scape',31),(622,'home','selfie',31),(623,'work','scape',31),(624,'home','scape',31),(625,'outdoors','selfie',32),(626,'outdoors','selfie',32),(627,'outdoors','selfie',32),(628,'outdoors','selfie',32),(629,'outdoors','selfie',32),(630,'outdoors','selfie',32),(631,'outdoors','selfie',32),(632,'outdoors','selfie',32),(633,'indoor','selfie',32),(634,'indoor','selfie',32),(635,'indoor','selfie',32),(636,'indoor','selfie',32),(637,'indoor','selfie',32),(638,'indoor','selfie',32),(639,'home','documentation',32),(640,'home','documentation',32),(641,'home','documentation',32),(642,'home','documentation',32),(643,'home','documentation',32),(655,'school','documentation',33),(656,'school','documentation',33),(657,'school','documentation',33),(658,'school','documentation',33),(659,'school','documentation',33),(660,'school','documentation',33),(661,'school','documentation',33),(662,'school','documentation',33),(663,'school','documentation',33),(664,'school','documentation',33),(665,'outside','selfie',34),(666,'outside','selfie',34),(667,'outside','selfie',34),(668,'outside','selfie',34),(669,'outside','selfie',34),(670,'outside','selfie',34),(671,'outside','selfie',34),(672,'outside','selfie',34),(673,'outside','selfie',34),(674,'inside','interior',34),(675,'inside','interior',34),(676,'inside','interior',34),(677,'inside','interior',34),(678,'inside','interior',34),(679,'outside','scape',34),(680,'outside','scape',34),(681,'outside','scape',34),(682,'outside','scape',34),(683,'outside','scape',34),(684,'outside','scape',34),(685,'outside','scape',34),(686,'inside','interior',35),(687,'inside','interior',35),(688,'inside','interior',35),(689,'inside','interior',35),(690,'inside','interior',35),(691,'inside','interior',35),(692,'inside','interior',35),(693,'inside','interior',35),(694,'inside','interior',35),(695,'inside','interior',35),(696,'inside','interior',35),(697,'inside','documentation',35),(698,'inside','documentation',35),(699,'inside','documentation',35),(700,'inside','documentation',35),(701,'inside','scape',35),(702,'inside','selfie',35),(703,'inside','selfie',35),(704,'inside','scape',35),(705,'inside','scape',35),(706,'inside','scape',35),(707,'Outdoors','interior',36),(708,'Home','group',36),(709,'Home','group',36),(710,'Home','group',36),(711,'Home','group',36),(712,'Home','group',36),(713,'Home','group',36),(714,'Home','group',36),(715,'Home','group',36),(716,'Home','documentation',36),(717,'Home','documentation',36),(718,'Home','scape',36),(719,'Home','scape',36),(720,'Home','group',36),(721,'Home','group',36),(722,'Home','group',36),(723,'Home','group',36),(724,'Home','group',36),(725,'Home','group',36),(726,'Home','group',36),(727,'Outdoors','group',37),(728,'Outdoors','group',37),(729,'Outdoors','group',37),(730,'Outdoors','group',37),(731,'Outdoors','group',37),(732,'Outdoors','group',37),(733,'Outdoors','group',37),(734,'Outdoors','group',37),(735,'Outdoors','group',37),(736,'Outdoors','group',37),(737,'Outdoors','group',37),(738,'Outdoors','group',37),(739,'Outdoors','group',37),(740,'Outdoors','group',37),(741,'Outdoors','group',37),(742,'Social Setting','interior',37),(743,'Social Setting','interior',37),(744,'Social Setting','interior',37),(745,'Social Setting','group',37),(746,'Social Setting','interior',37),(747,'Social Setting','group',37),(748,'Social Setting','selfie',38),(749,'Social Setting','selfie',38),(750,'Social Setting','selfie',38),(751,'Social Setting','selfie',38),(752,'Social Setting','selfie',38),(753,'Social Setting','selfie',38),(754,'Social Setting','selfie',38),(755,'Social Setting','selfie',38),(756,'Social Setting','selfie',38),(757,'Social Setting','selfie',38),(758,'Social Setting','selfie',38),(759,'Social Setting','selfie',38),(760,'Social Setting','selfie',38),(761,'Social Setting','selfie',38),(762,'Social Setting','selfie',38),(763,'Social Setting','selfie',38),(764,'Social Setting','selfie',38),(765,'Social Setting','selfie',38),(766,'Social Setting','selfie',38),(767,'Social Setting','selfie',38),(768,'Home','group',39),(769,'Outdoors','scape',39),(770,'Outdoors','scape',39),(771,'Outdoors','scape',39),(772,'Outdoors','scape',39),(773,'Outdoors','scape',39),(774,'Outdoors','scape',39),(775,'Outdoors','scape',39),(776,'Outdoors','scape',39),(777,'Outdoors','scape',39),(778,'Outdoors','scape',39),(779,'Outdoors','scape',39),(780,'Outdoors','scape',39),(781,'Outdoors','scape',39),(782,'Outdoors','scape',39),(783,'Outdoors','scape',39),(784,'Outdoors','scape',39),(785,'Outdoors','scape',39),(786,'Outdoors','scape',39),(787,'Outdoors','scape',39),(788,'Home','documentation',40),(789,'Home','documentation',40),(790,'Home','documentation',40),(791,'Home','documentation',40),(792,'Home','documentation',40),(793,'Home','documentation',40),(794,'Home','documentation',40),(795,'Home','documentation',40),(796,'Home','documentation',40),(797,'Home','documentation',40),(798,'Home','documentation',40),(799,'Home','documentation',40),(800,'Home','documentation',40),(801,'Home','documentation',40),(802,'Home','documentation',40),(803,'Home','documentation',40),(804,'Home','documentation',40),(805,'Home','documentation',40),(806,'Home','documentation',40),(807,'Home','documentation',40),(808,'school','interior',41),(809,'social','interior',41),(810,'social','interior',41),(811,'social','interior',41),(812,'outdoor','interior',41),(813,'school','scape',41),(814,'school','interior',41),(815,'school','interior',41),(816,'school','interior',41),(817,'school','interior',41),(818,'school','documentation',41),(819,'school','documentation',41),(820,'school','documentation',41),(821,'home','interior',41),(822,'home','interior',41),(823,'home','group',41),(824,'home','group',41),(825,'grandparents','group',41),(826,'grandparents','group',41),(827,'grandparents','interior',41),(828,'outdoor','scape',42),(829,'outdoor','group',42),(830,'home','group',42),(831,'home','selfie',42),(832,'home','selfie',42),(833,'social','group',42),(834,'social','group',42),(835,'social','group',42),(836,'home','group',42),(837,'home','group',42),(838,'home','group',42),(839,'outdoor','group',42),(840,'outdoor','group',42),(841,'outdoor','group',42),(842,'social','interior',42),(843,'social','interior',42),(844,'social','interior',42),(845,'social','interior',42),(846,'social','interior',42),(847,'social','interior',42),(848,'work','selfie',43),(849,'outdoor','scape',43),(850,'outdoor','scape',43),(851,'family','group',43),(852,'family','group',43),(853,'family','group',43),(854,'home','interior',43),(855,'social','interior',43),(856,'family','selfie',43),(857,'school','documentation',43),(858,'school','documentation',43),(859,'school','documentation',43),(860,'school','documentation',43),(861,'family','selfie',43),(862,'school','documentation',43),(863,'school','documentation',43),(864,'school','documentation',43),(865,'family','group',43),(866,'school','interior',43),(867,'school','interior',43),(868,'meme','documentation',44),(869,'meme','documentation',44),(870,'home','selfie',44),(871,'home','selfie',44),(872,'home','selfie',44),(873,'home','selfie',44),(874,'home','selfie',44),(875,'home','selfie',44),(876,'home','selfie',44),(877,'home','selfie',44),(878,'home','selfie',44),(879,'home','selfie',44),(880,'social','selfie',44),(881,'meme','selfie',44),(882,'social','selfie',44),(883,'outdoor','selfie',44),(884,'outdoor','selfie',44),(885,'meme','documentation',44),(886,'outdoor','selfie',44),(887,'meme','documentation',44),(888,'social','group',45),(889,'social','group',45),(890,'social','group',45),(891,'social','group',45),(892,'social','group',45),(893,'social','group',45),(894,'social','group',45),(895,'social','group',45),(896,'social','group',45),(897,'social','group',45),(898,'social','group',45),(908,'school','documentation',46),(909,'school','documentation',46),(910,'school','documentation',46),(911,'school','documentation',46),(912,'school','documentation',46),(914,'work','selfie',46),(915,'work','selfie',46),(916,'work','selfie',46),(917,'work','selfie',46),(918,'work','selfie',46),(919,'work','selfie',46),(920,'work','selfie',46),(921,'work','selfie',46),(922,'work','selfie',46),(923,'work','selfie',46),(924,'work','selfie',46),(925,'work','selfie',46),(926,'work','selfie',46),(927,'work','selfie',46),(928,'School','documentation',48),(929,'Home','documentation',48),(930,'Social','group',48),(931,'Social','group',48),(932,'Home','documentation',48),(933,'Home','documentation',48),(934,'Home','documentation',48),(935,'Home','documentation',48),(936,'Social','group',48),(937,'Social','group',48),(938,'Social','group',48),(939,'Social','group',48),(940,'Social','group',48),(941,'Social','group',48),(942,'School','documentation',48),(943,'School','documentation',48),(944,'School','documentation',48),(945,'School','documentation',48),(946,'School','documentation',48),(947,'Outdoors','scape',48),(948,'Home','selfie',49),(949,'Home','group',49),(950,'Class Teaching','documentation',49),(951,'Class Teaching','documentation',49),(952,'Class Teaching','documentation',49),(953,'Class Teaching','documentation',49),(954,'Class Teaching','documentation',49),(955,'Class Teaching','documentation',49),(956,'Class Teaching','documentation',49),(957,'Class Teaching','documentation',49),(958,'Class Teaching','documentation',49),(959,'Social','scape',49),(960,'Social','selfie',49),(961,'Social','group',49),(962,'Social','interior',49),(963,'Outdoors','selfie',49),(964,'Outdoors','scape',49),(965,'Outdoors','scape',49),(966,'Outdoors','group',49),(967,'Outdoors','scape',49),(968,'School','documentation',50),(976,'Social','group',50),(977,'School','documentation',50),(978,'School','documentation',50),(980,'School','documentation',50),(981,'School','documentation',50),(982,'Outdoors','scape',50),(983,'Outdoors','scape',50),(984,'Outdoors','scape',50),(985,'Outdoors','scape',50),(986,'Outdoors','group',50),(987,'Outdoors','group',50),(988,'Other','documentation',51),(989,'Other','documentation',51),(990,'Other','documentation',51),(991,'Other','documentation',51),(992,'Other','documentation',51),(993,'Other','documentation',51),(994,'Other','documentation',51),(995,'Other','documentation',51),(996,'Other','documentation',51),(997,'Other','documentation',51),(998,'Home','interior',51),(999,'Home','interior',51),(1000,'Social','group',51),(1001,'Social','group',51),(1002,'Social','group',51),(1003,'Social','group',51),(1004,'Home','interior',51),(1005,'Home','interior',51),(1006,'Other','documentation',51),(1007,'Other','documentation',51),(1008,'Home','documentation',47),(1009,'School','documentation',47),(1010,'School','documentation',47),(1011,'School','documentation',47),(1012,'School','documentation',47),(1013,'School','documentation',47),(1014,'School','documentation',47),(1015,'School','documentation',47),(1016,'School','documentation',47),(1017,'School','documentation',47),(1018,'School','documentation',47),(1019,'Outdoors','selfie',47),(1020,'School','documentation',47),(1021,'School','documentation',47),(1022,'School','documentation',47),(1023,'School','documentation',47),(1024,'School','documentation',47),(1025,'Home','documentation',47),(1026,'School','documentation',47),(1027,'Social','group',47),(1028,'Home','group',52),(1029,'Home','group',52),(1030,'Home','group',52),(1031,'Home','group',52),(1032,'Home','group',52),(1033,'Home','group',52),(1034,'Home','group',52),(1035,'Outdoors','group',52),(1036,'Outdoors','group',52),(1037,'Outdoors','group',52),(1038,'Outdoors','selfie',52),(1039,'Outdoors','selfie',52),(1040,'Work','selfie',52),(1041,'Work','selfie',52),(1042,'School','documentation',52),(1043,'School','documentation',52),(1044,'School','documentation',52),(1045,'Outdoors','group',52),(1046,'Outdoors','group',52),(1047,'Outdoors','group',52);
/*!40000 ALTER TABLE `image` ENABLE KEYS */;
UNLOCK TABLES;

--
-- Table structure for table `student`
--

DROP TABLE IF EXISTS `student`;
/*!40101 SET @saved_cs_client     = @@character_set_client */;
/*!50503 SET character_set_client = utf8mb4 */;
CREATE TABLE `student` (
  `student_id` int NOT NULL,
  `lname` varchar(35) NOT NULL,
  `fname` varchar(25) NOT NULL,
  `gender` enum('M','F') DEFAULT NULL,
  `major` varchar(25) NOT NULL,
  `dist_category` enum('internet','someone','something','social media','digital','other') NOT NULL,
  `worry_category` varchar(45) NOT NULL,
  `group_id` int NOT NULL,
  PRIMARY KEY (`student_id`),
  KEY `fk_student_group1_idx` (`group_id`),
  CONSTRAINT `fk_student_group1` FOREIGN KEY (`group_id`) REFERENCES `student_group` (`group_id`)
) ENGINE=InnoDB DEFAULT CHARSET=utf8mb3;
/*!40101 SET character_set_client = @saved_cs_client */;

--
-- Dumping data for table `student`
--

LOCK TABLES `student` WRITE;
/*!40000 ALTER TABLE `student` DISABLE KEYS */;
INSERT INTO `student` VALUES (1,'Spencer','Sam','M','Data Science','someone','Work/Study',1),(2,'Jones','Joshua','M','Data Science','someone','My Partner',1),(3,'Larsen','Lincoln','M','Accounting','digital','Work/Study',1),(4,'Adams','Andrew','M','Finance','social media','Work/Study',1),(5,'Victor','Vivian','F','Bioinformatics','someone','Work',2),(6,'Hector','Jose','M','Business Management','social media','Family ',2),(7,'Daniels','Drew','M','CIT','internet','Finances',2),(8,'Michaels','Matthew','M','Bussiness Management','internet','School',2),(9,'Kearns','Kien','M','Software Engineering','internet','Future',2),(10,'Andersen','Austin ','M','CIT','other','Finances',2),(11,'Butler','Buck','M','Finance','digital','World issues',1),(12,'Taylor','Trevor','M','Economics','internet','Work/Study',3),(13,'Andrews','Addison','M','Business Analytics','someone','Work/Study',3),(14,'Kelly','Kaelan','M','Data Science','social media','My Partner',3),(15,'Cornelison','Connor','M','Economics','internet','Myself',3),(16,'Thompson','Thomas','M','Financial Economics','other','Work/Study',3),(17,'Madsen','Matthew','M','Geology','someone','Work/Study',3),(18,'Hall','Halla','F','Business Management','social media','Photo/Media',4),(19,'Smith','Sarah','F','Business Management','digital','Notes/Tracking',4),(20,'Hansen','Henry','M','Software Engineering','social media','Games',4),(21,'Stanley','Seth','M','Data Science','digital','Streaming',4),(22,'Ellison','Eria','F','Computer Science','internet','Unused',4),(23,'Dye','Dev','M','CIT','internet','Social Media',4),(24,'Nathaniel','Natalie','F','Financial Economics','someone','Work/Study',5),(25,'Stevenson','Steven','M','Business Analytics','someone','Family',5),(26,'Carter','Conner','M','CIT','someone','Family',5),(27,'Dahal','Dora','F','Accounting','someone','Work/Study',5),(28,'Monson','Matt','M','Accounting','digital','Work/Study',5),(29,'Chutley','Chuck','M','Accounting','social media','Work/Study',5),(30,'Halsberg','Hayden','M','Supply Chain','internet','self',6),(31,'Alder','Ammon','M','Business Analytics','someone','World Events',6),(32,'Jensen','Joshua ','M','Accounting','internet','self',6),(33,'Johnson','Jacob','M','Economica','social media','school',6),(34,'Brown','Brandon','M','Accounting','internet','wife',6),(35,'Johansen','Joshua ','M','Computer Systems','internet','school',6),(36,'Mau','Moon','M','Data Science','social media','Finance',7),(37,'Henderson','Hunter','M','Data Science','internet','Finance',7),(38,'Austins','Andrew','M','Supply Chain Management','social media','Finance',7),(39,'Daniels','David','M','DATA Science','social media','Finance',7),(40,'Neuman','Nathan','M','CIT','digital','work/study',7),(41,'Burke','Brandon','M','GeoBusiness & DA','other','Study',8),(42,'Andresen','Andrew','M','Software Engineering','digital','Family',8),(43,'Gong','Garrett','M','Business Finance','other','Family',8),(44,'Velasquez','Vance','M','CIT','digital','Myself',8),(45,'Duarta','David','M','Supply Chain','digital','work/syudy',8),(46,'Angola','Angie','F','Business Management','other','other',8),(47,'Alono','Ayeh','M','Finance','social media','Work/Study',9),(48,'Sharmin','Schult','M','Accounting','something','Work/Study',9),(49,'Shmitt','Sharma','M','Business Analytics','social media','Work/Study',9),(50,'Eliason','Elizabeth','F','Accounting','someone','Friends',9),(51,'Jackson','Jack','M','CIT','internet','Work/Study',9),(52,'Autman','Assan','M','Business Operations','something','Work/Study',9);
/*!40000 ALTER TABLE `student` ENABLE KEYS */;
UNLOCK TABLES;

--
-- Table structure for table `student_group`
--

DROP TABLE IF EXISTS `student_group`;
/*!40101 SET @saved_cs_client     = @@character_set_client */;
/*!50503 SET character_set_client = utf8mb4 */;
CREATE TABLE `student_group` (
  `group_id` int NOT NULL,
  `group_name` varchar(25) NOT NULL,
  `location` varchar(25) NOT NULL,
  PRIMARY KEY (`group_id`)
) ENGINE=InnoDB DEFAULT CHARSET=utf8mb3;
/*!40101 SET character_set_client = @saved_cs_client */;

--
-- Dumping data for table `student_group`
--

LOCK TABLES `student_group` WRITE;
/*!40000 ALTER TABLE `student_group` DISABLE KEYS */;
INSERT INTO `student_group` VALUES (1,'Zac','back_middle_1'),(2,'Name','middle_right_2'),(3,'The Great Emu War','middle_left_2'),(4,'MIDR','middle_right_1'),(5,'DATA YO-YO','front_left_2'),(6,'The Snacks','front_middle_2'),(7,'Group','back_right_2'),(8,'Uno Players','front_left_1'),(9,'Team Legit','middle_middle_1');
/*!40000 ALTER TABLE `student_group` ENABLE KEYS */;
UNLOCK TABLES;
/*!40103 SET TIME_ZONE=@OLD_TIME_ZONE */;

/*!40101 SET SQL_MODE=@OLD_SQL_MODE */;
/*!40014 SET FOREIGN_KEY_CHECKS=@OLD_FOREIGN_KEY_CHECKS */;
/*!40014 SET UNIQUE_CHECKS=@OLD_UNIQUE_CHECKS */;
/*!40101 SET CHARACTER_SET_CLIENT=@OLD_CHARACTER_SET_CLIENT */;
/*!40101 SET CHARACTER_SET_RESULTS=@OLD_CHARACTER_SET_RESULTS */;
/*!40101 SET COLLATION_CONNECTION=@OLD_COLLATION_CONNECTION */;
/*!40111 SET SQL_NOTES=@OLD_SQL_NOTES */;

-- Dump completed on 2021-10-25 20:49:46
-- MySQL dump 10.13  Distrib 8.0.26, for Win64 (x86_64)
--
-- Host: localhost    Database: mdb
-- ------------------------------------------------------
-- Server version	8.0.26

/*!40101 SET @OLD_CHARACTER_SET_CLIENT=@@CHARACTER_SET_CLIENT */;
/*!40101 SET @OLD_CHARACTER_SET_RESULTS=@@CHARACTER_SET_RESULTS */;
/*!40101 SET @OLD_COLLATION_CONNECTION=@@COLLATION_CONNECTION */;
/*!50503 SET NAMES utf8 */;
/*!40103 SET @OLD_TIME_ZONE=@@TIME_ZONE */;
/*!40103 SET TIME_ZONE='+00:00' */;
/*!40014 SET @OLD_UNIQUE_CHECKS=@@UNIQUE_CHECKS, UNIQUE_CHECKS=0 */;
/*!40014 SET @OLD_FOREIGN_KEY_CHECKS=@@FOREIGN_KEY_CHECKS, FOREIGN_KEY_CHECKS=0 */;
/*!40101 SET @OLD_SQL_MODE=@@SQL_MODE, SQL_MODE='NO_AUTO_VALUE_ON_ZERO' */;
/*!40111 SET @OLD_SQL_NOTES=@@SQL_NOTES, SQL_NOTES=0 */;

--
-- Table structure for table `movies`
--

DROP TABLE IF EXISTS `movies`;
/*!40101 SET @saved_cs_client     = @@character_set_client */;
/*!50503 SET character_set_client = utf8mb4 */;
CREATE TABLE `movies` (
  `movie_id` int NOT NULL AUTO_INCREMENT,
  `title` varchar(45) NOT NULL,
  `rating` enum('G','PG','PG-13') DEFAULT NULL,
  `r_year` year NOT NULL,
  `studio` varchar(45) DEFAULT NULL,
  PRIMARY KEY (`movie_id`)
) ENGINE=InnoDB AUTO_INCREMENT=5 DEFAULT CHARSET=utf8mb4 COLLATE=utf8mb4_0900_ai_ci;
/*!40101 SET character_set_client = @saved_cs_client */;

--
-- Dumping data for table `movies`
--

LOCK TABLES `movies` WRITE;
/*!40000 ALTER TABLE `movies` DISABLE KEYS */;
INSERT INTO `movies` VALUES (1,'Toy Story 3',NULL,2007,NULL),(2,'Toy Story 3',NULL,2007,NULL),(3,'Toy Story 3',NULL,2007,NULL),(4,'Toy Story 3',NULL,2007,NULL);
/*!40000 ALTER TABLE `movies` ENABLE KEYS */;
UNLOCK TABLES;
/*!40103 SET TIME_ZONE=@OLD_TIME_ZONE */;

/*!40101 SET SQL_MODE=@OLD_SQL_MODE */;
/*!40014 SET FOREIGN_KEY_CHECKS=@OLD_FOREIGN_KEY_CHECKS */;
/*!40014 SET UNIQUE_CHECKS=@OLD_UNIQUE_CHECKS */;
/*!40101 SET CHARACTER_SET_CLIENT=@OLD_CHARACTER_SET_CLIENT */;
/*!40101 SET CHARACTER_SET_RESULTS=@OLD_CHARACTER_SET_RESULTS */;
/*!40101 SET COLLATION_CONNECTION=@OLD_COLLATION_CONNECTION */;
/*!40111 SET SQL_NOTES=@OLD_SQL_NOTES */;

-- Dump completed on 2021-10-25 20:49:47
-- MySQL dump 10.13  Distrib 8.0.26, for Win64 (x86_64)
--
-- Host: localhost    Database: sys
-- ------------------------------------------------------
-- Server version	8.0.26

/*!40101 SET @OLD_CHARACTER_SET_CLIENT=@@CHARACTER_SET_CLIENT */;
/*!40101 SET @OLD_CHARACTER_SET_RESULTS=@@CHARACTER_SET_RESULTS */;
/*!40101 SET @OLD_COLLATION_CONNECTION=@@COLLATION_CONNECTION */;
/*!50503 SET NAMES utf8 */;
/*!40103 SET @OLD_TIME_ZONE=@@TIME_ZONE */;
/*!40103 SET TIME_ZONE='+00:00' */;
/*!40014 SET @OLD_UNIQUE_CHECKS=@@UNIQUE_CHECKS, UNIQUE_CHECKS=0 */;
/*!40014 SET @OLD_FOREIGN_KEY_CHECKS=@@FOREIGN_KEY_CHECKS, FOREIGN_KEY_CHECKS=0 */;
/*!40101 SET @OLD_SQL_MODE=@@SQL_MODE, SQL_MODE='NO_AUTO_VALUE_ON_ZERO' */;
/*!40111 SET @OLD_SQL_NOTES=@@SQL_NOTES, SQL_NOTES=0 */;

--
-- Temporary view structure for view `host_summary`
--

DROP TABLE IF EXISTS `host_summary`;
/*!50001 DROP VIEW IF EXISTS `host_summary`*/;
SET @saved_cs_client     = @@character_set_client;
/*!50503 SET character_set_client = utf8mb4 */;
/*!50001 CREATE VIEW `host_summary` AS SELECT 
 1 AS `host`,
 1 AS `statements`,
 1 AS `statement_latency`,
 1 AS `statement_avg_latency`,
 1 AS `table_scans`,
 1 AS `file_ios`,
 1 AS `file_io_latency`,
 1 AS `current_connections`,
 1 AS `total_connections`,
 1 AS `unique_users`,
 1 AS `current_memory`,
 1 AS `total_memory_allocated`*/;
SET character_set_client = @saved_cs_client;

--
-- Temporary view structure for view `host_summary_by_file_io`
--

DROP TABLE IF EXISTS `host_summary_by_file_io`;
/*!50001 DROP VIEW IF EXISTS `host_summary_by_file_io`*/;
SET @saved_cs_client     = @@character_set_client;
/*!50503 SET character_set_client = utf8mb4 */;
/*!50001 CREATE VIEW `host_summary_by_file_io` AS SELECT 
 1 AS `host`,
 1 AS `ios`,
 1 AS `io_latency`*/;
SET character_set_client = @saved_cs_client;

--
-- Temporary view structure for view `host_summary_by_file_io_type`
--

DROP TABLE IF EXISTS `host_summary_by_file_io_type`;
/*!50001 DROP VIEW IF EXISTS `host_summary_by_file_io_type`*/;
SET @saved_cs_client     = @@character_set_client;
/*!50503 SET character_set_client = utf8mb4 */;
/*!50001 CREATE VIEW `host_summary_by_file_io_type` AS SELECT 
 1 AS `host`,
 1 AS `event_name`,
 1 AS `total`,
 1 AS `total_latency`,
 1 AS `max_latency`*/;
SET character_set_client = @saved_cs_client;

--
-- Temporary view structure for view `host_summary_by_stages`
--

DROP TABLE IF EXISTS `host_summary_by_stages`;
/*!50001 DROP VIEW IF EXISTS `host_summary_by_stages`*/;
SET @saved_cs_client     = @@character_set_client;
/*!50503 SET character_set_client = utf8mb4 */;
/*!50001 CREATE VIEW `host_summary_by_stages` AS SELECT 
 1 AS `host`,
 1 AS `event_name`,
 1 AS `total`,
 1 AS `total_latency`,
 1 AS `avg_latency`*/;
SET character_set_client = @saved_cs_client;

--
-- Temporary view structure for view `host_summary_by_statement_latency`
--

DROP TABLE IF EXISTS `host_summary_by_statement_latency`;
/*!50001 DROP VIEW IF EXISTS `host_summary_by_statement_latency`*/;
SET @saved_cs_client     = @@character_set_client;
/*!50503 SET character_set_client = utf8mb4 */;
/*!50001 CREATE VIEW `host_summary_by_statement_latency` AS SELECT 
 1 AS `host`,
 1 AS `total`,
 1 AS `total_latency`,
 1 AS `max_latency`,
 1 AS `lock_latency`,
 1 AS `rows_sent`,
 1 AS `rows_examined`,
 1 AS `rows_affected`,
 1 AS `full_scans`*/;
SET character_set_client = @saved_cs_client;

--
-- Temporary view structure for view `host_summary_by_statement_type`
--

DROP TABLE IF EXISTS `host_summary_by_statement_type`;
/*!50001 DROP VIEW IF EXISTS `host_summary_by_statement_type`*/;
SET @saved_cs_client     = @@character_set_client;
/*!50503 SET character_set_client = utf8mb4 */;
/*!50001 CREATE VIEW `host_summary_by_statement_type` AS SELECT 
 1 AS `host`,
 1 AS `statement`,
 1 AS `total`,
 1 AS `total_latency`,
 1 AS `max_latency`,
 1 AS `lock_latency`,
 1 AS `rows_sent`,
 1 AS `rows_examined`,
 1 AS `rows_affected`,
 1 AS `full_scans`*/;
SET character_set_client = @saved_cs_client;

--
-- Temporary view structure for view `innodb_buffer_stats_by_schema`
--

DROP TABLE IF EXISTS `innodb_buffer_stats_by_schema`;
/*!50001 DROP VIEW IF EXISTS `innodb_buffer_stats_by_schema`*/;
SET @saved_cs_client     = @@character_set_client;
/*!50503 SET character_set_client = utf8mb4 */;
/*!50001 CREATE VIEW `innodb_buffer_stats_by_schema` AS SELECT 
 1 AS `object_schema`,
 1 AS `allocated`,
 1 AS `data`,
 1 AS `pages`,
 1 AS `pages_hashed`,
 1 AS `pages_old`,
 1 AS `rows_cached`*/;
SET character_set_client = @saved_cs_client;

--
-- Temporary view structure for view `innodb_buffer_stats_by_table`
--

DROP TABLE IF EXISTS `innodb_buffer_stats_by_table`;
/*!50001 DROP VIEW IF EXISTS `innodb_buffer_stats_by_table`*/;
SET @saved_cs_client     = @@character_set_client;
/*!50503 SET character_set_client = utf8mb4 */;
/*!50001 CREATE VIEW `innodb_buffer_stats_by_table` AS SELECT 
 1 AS `object_schema`,
 1 AS `object_name`,
 1 AS `allocated`,
 1 AS `data`,
 1 AS `pages`,
 1 AS `pages_hashed`,
 1 AS `pages_old`,
 1 AS `rows_cached`*/;
SET character_set_client = @saved_cs_client;

--
-- Temporary view structure for view `innodb_lock_waits`
--

DROP TABLE IF EXISTS `innodb_lock_waits`;
/*!50001 DROP VIEW IF EXISTS `innodb_lock_waits`*/;
SET @saved_cs_client     = @@character_set_client;
/*!50503 SET character_set_client = utf8mb4 */;
/*!50001 CREATE VIEW `innodb_lock_waits` AS SELECT 
 1 AS `wait_started`,
 1 AS `wait_age`,
 1 AS `wait_age_secs`,
 1 AS `locked_table`,
 1 AS `locked_table_schema`,
 1 AS `locked_table_name`,
 1 AS `locked_table_partition`,
 1 AS `locked_table_subpartition`,
 1 AS `locked_index`,
 1 AS `locked_type`,
 1 AS `waiting_trx_id`,
 1 AS `waiting_trx_started`,
 1 AS `waiting_trx_age`,
 1 AS `waiting_trx_rows_locked`,
 1 AS `waiting_trx_rows_modified`,
 1 AS `waiting_pid`,
 1 AS `waiting_query`,
 1 AS `waiting_lock_id`,
 1 AS `waiting_lock_mode`,
 1 AS `blocking_trx_id`,
 1 AS `blocking_pid`,
 1 AS `blocking_query`,
 1 AS `blocking_lock_id`,
 1 AS `blocking_lock_mode`,
 1 AS `blocking_trx_started`,
 1 AS `blocking_trx_age`,
 1 AS `blocking_trx_rows_locked`,
 1 AS `blocking_trx_rows_modified`,
 1 AS `sql_kill_blocking_query`,
 1 AS `sql_kill_blocking_connection`*/;
SET character_set_client = @saved_cs_client;

--
-- Temporary view structure for view `io_by_thread_by_latency`
--

DROP TABLE IF EXISTS `io_by_thread_by_latency`;
/*!50001 DROP VIEW IF EXISTS `io_by_thread_by_latency`*/;
SET @saved_cs_client     = @@character_set_client;
/*!50503 SET character_set_client = utf8mb4 */;
/*!50001 CREATE VIEW `io_by_thread_by_latency` AS SELECT 
 1 AS `user`,
 1 AS `total`,
 1 AS `total_latency`,
 1 AS `min_latency`,
 1 AS `avg_latency`,
 1 AS `max_latency`,
 1 AS `thread_id`,
 1 AS `processlist_id`*/;
SET character_set_client = @saved_cs_client;

--
-- Temporary view structure for view `io_global_by_file_by_bytes`
--

DROP TABLE IF EXISTS `io_global_by_file_by_bytes`;
/*!50001 DROP VIEW IF EXISTS `io_global_by_file_by_bytes`*/;
SET @saved_cs_client     = @@character_set_client;
/*!50503 SET character_set_client = utf8mb4 */;
/*!50001 CREATE VIEW `io_global_by_file_by_bytes` AS SELECT 
 1 AS `file`,
 1 AS `count_read`,
 1 AS `total_read`,
 1 AS `avg_read`,
 1 AS `count_write`,
 1 AS `total_written`,
 1 AS `avg_write`,
 1 AS `total`,
 1 AS `write_pct`*/;
SET character_set_client = @saved_cs_client;

--
-- Temporary view structure for view `io_global_by_file_by_latency`
--

DROP TABLE IF EXISTS `io_global_by_file_by_latency`;
/*!50001 DROP VIEW IF EXISTS `io_global_by_file_by_latency`*/;
SET @saved_cs_client     = @@character_set_client;
/*!50503 SET character_set_client = utf8mb4 */;
/*!50001 CREATE VIEW `io_global_by_file_by_latency` AS SELECT 
 1 AS `file`,
 1 AS `total`,
 1 AS `total_latency`,
 1 AS `count_read`,
 1 AS `read_latency`,
 1 AS `count_write`,
 1 AS `write_latency`,
 1 AS `count_misc`,
 1 AS `misc_latency`*/;
SET character_set_client = @saved_cs_client;

--
-- Temporary view structure for view `io_global_by_wait_by_bytes`
--

DROP TABLE IF EXISTS `io_global_by_wait_by_bytes`;
/*!50001 DROP VIEW IF EXISTS `io_global_by_wait_by_bytes`*/;
SET @saved_cs_client     = @@character_set_client;
/*!50503 SET character_set_client = utf8mb4 */;
/*!50001 CREATE VIEW `io_global_by_wait_by_bytes` AS SELECT 
 1 AS `event_name`,
 1 AS `total`,
 1 AS `total_latency`,
 1 AS `min_latency`,
 1 AS `avg_latency`,
 1 AS `max_latency`,
 1 AS `count_read`,
 1 AS `total_read`,
 1 AS `avg_read`,
 1 AS `count_write`,
 1 AS `total_written`,
 1 AS `avg_written`,
 1 AS `total_requested`*/;
SET character_set_client = @saved_cs_client;

--
-- Temporary view structure for view `io_global_by_wait_by_latency`
--

DROP TABLE IF EXISTS `io_global_by_wait_by_latency`;
/*!50001 DROP VIEW IF EXISTS `io_global_by_wait_by_latency`*/;
SET @saved_cs_client     = @@character_set_client;
/*!50503 SET character_set_client = utf8mb4 */;
/*!50001 CREATE VIEW `io_global_by_wait_by_latency` AS SELECT 
 1 AS `event_name`,
 1 AS `total`,
 1 AS `total_latency`,
 1 AS `avg_latency`,
 1 AS `max_latency`,
 1 AS `read_latency`,
 1 AS `write_latency`,
 1 AS `misc_latency`,
 1 AS `count_read`,
 1 AS `total_read`,
 1 AS `avg_read`,
 1 AS `count_write`,
 1 AS `total_written`,
 1 AS `avg_written`*/;
SET character_set_client = @saved_cs_client;

--
-- Temporary view structure for view `latest_file_io`
--

DROP TABLE IF EXISTS `latest_file_io`;
/*!50001 DROP VIEW IF EXISTS `latest_file_io`*/;
SET @saved_cs_client     = @@character_set_client;
/*!50503 SET character_set_client = utf8mb4 */;
/*!50001 CREATE VIEW `latest_file_io` AS SELECT 
 1 AS `thread`,
 1 AS `file`,
 1 AS `latency`,
 1 AS `operation`,
 1 AS `requested`*/;
SET character_set_client = @saved_cs_client;

--
-- Temporary view structure for view `memory_by_host_by_current_bytes`
--

DROP TABLE IF EXISTS `memory_by_host_by_current_bytes`;
/*!50001 DROP VIEW IF EXISTS `memory_by_host_by_current_bytes`*/;
SET @saved_cs_client     = @@character_set_client;
/*!50503 SET character_set_client = utf8mb4 */;
/*!50001 CREATE VIEW `memory_by_host_by_current_bytes` AS SELECT 
 1 AS `host`,
 1 AS `current_count_used`,
 1 AS `current_allocated`,
 1 AS `current_avg_alloc`,
 1 AS `current_max_alloc`,
 1 AS `total_allocated`*/;
SET character_set_client = @saved_cs_client;

--
-- Temporary view structure for view `memory_by_thread_by_current_bytes`
--

DROP TABLE IF EXISTS `memory_by_thread_by_current_bytes`;
/*!50001 DROP VIEW IF EXISTS `memory_by_thread_by_current_bytes`*/;
SET @saved_cs_client     = @@character_set_client;
/*!50503 SET character_set_client = utf8mb4 */;
/*!50001 CREATE VIEW `memory_by_thread_by_current_bytes` AS SELECT 
 1 AS `thread_id`,
 1 AS `user`,
 1 AS `current_count_used`,
 1 AS `current_allocated`,
 1 AS `current_avg_alloc`,
 1 AS `current_max_alloc`,
 1 AS `total_allocated`*/;
SET character_set_client = @saved_cs_client;

--
-- Temporary view structure for view `memory_by_user_by_current_bytes`
--

DROP TABLE IF EXISTS `memory_by_user_by_current_bytes`;
/*!50001 DROP VIEW IF EXISTS `memory_by_user_by_current_bytes`*/;
SET @saved_cs_client     = @@character_set_client;
/*!50503 SET character_set_client = utf8mb4 */;
/*!50001 CREATE VIEW `memory_by_user_by_current_bytes` AS SELECT 
 1 AS `user`,
 1 AS `current_count_used`,
 1 AS `current_allocated`,
 1 AS `current_avg_alloc`,
 1 AS `current_max_alloc`,
 1 AS `total_allocated`*/;
SET character_set_client = @saved_cs_client;

--
-- Temporary view structure for view `memory_global_by_current_bytes`
--

DROP TABLE IF EXISTS `memory_global_by_current_bytes`;
/*!50001 DROP VIEW IF EXISTS `memory_global_by_current_bytes`*/;
SET @saved_cs_client     = @@character_set_client;
/*!50503 SET character_set_client = utf8mb4 */;
/*!50001 CREATE VIEW `memory_global_by_current_bytes` AS SELECT 
 1 AS `event_name`,
 1 AS `current_count`,
 1 AS `current_alloc`,
 1 AS `current_avg_alloc`,
 1 AS `high_count`,
 1 AS `high_alloc`,
 1 AS `high_avg_alloc`*/;
SET character_set_client = @saved_cs_client;

--
-- Temporary view structure for view `memory_global_total`
--

DROP TABLE IF EXISTS `memory_global_total`;
/*!50001 DROP VIEW IF EXISTS `memory_global_total`*/;
SET @saved_cs_client     = @@character_set_client;
/*!50503 SET character_set_client = utf8mb4 */;
/*!50001 CREATE VIEW `memory_global_total` AS SELECT 
 1 AS `total_allocated`*/;
SET character_set_client = @saved_cs_client;

--
-- Temporary view structure for view `metrics`
--

DROP TABLE IF EXISTS `metrics`;
/*!50001 DROP VIEW IF EXISTS `metrics`*/;
SET @saved_cs_client     = @@character_set_client;
/*!50503 SET character_set_client = utf8mb4 */;
/*!50001 CREATE VIEW `metrics` AS SELECT 
 1 AS `Variable_name`,
 1 AS `Variable_value`,
 1 AS `Type`,
 1 AS `Enabled`*/;
SET character_set_client = @saved_cs_client;

--
-- Temporary view structure for view `processlist`
--

DROP TABLE IF EXISTS `processlist`;
/*!50001 DROP VIEW IF EXISTS `processlist`*/;
SET @saved_cs_client     = @@character_set_client;
/*!50503 SET character_set_client = utf8mb4 */;
/*!50001 CREATE VIEW `processlist` AS SELECT 
 1 AS `thd_id`,
 1 AS `conn_id`,
 1 AS `user`,
 1 AS `db`,
 1 AS `command`,
 1 AS `state`,
 1 AS `time`,
 1 AS `current_statement`,
 1 AS `statement_latency`,
 1 AS `progress`,
 1 AS `lock_latency`,
 1 AS `rows_examined`,
 1 AS `rows_sent`,
 1 AS `rows_affected`,
 1 AS `tmp_tables`,
 1 AS `tmp_disk_tables`,
 1 AS `full_scan`,
 1 AS `last_statement`,
 1 AS `last_statement_latency`,
 1 AS `current_memory`,
 1 AS `last_wait`,
 1 AS `last_wait_latency`,
 1 AS `source`,
 1 AS `trx_latency`,
 1 AS `trx_state`,
 1 AS `trx_autocommit`,
 1 AS `pid`,
 1 AS `program_name`*/;
SET character_set_client = @saved_cs_client;

--
-- Temporary view structure for view `ps_check_lost_instrumentation`
--

DROP TABLE IF EXISTS `ps_check_lost_instrumentation`;
/*!50001 DROP VIEW IF EXISTS `ps_check_lost_instrumentation`*/;
SET @saved_cs_client     = @@character_set_client;
/*!50503 SET character_set_client = utf8mb4 */;
/*!50001 CREATE VIEW `ps_check_lost_instrumentation` AS SELECT 
 1 AS `variable_name`,
 1 AS `variable_value`*/;
SET character_set_client = @saved_cs_client;

--
-- Temporary view structure for view `schema_auto_increment_columns`
--

DROP TABLE IF EXISTS `schema_auto_increment_columns`;
/*!50001 DROP VIEW IF EXISTS `schema_auto_increment_columns`*/;
SET @saved_cs_client     = @@character_set_client;
/*!50503 SET character_set_client = utf8mb4 */;
/*!50001 CREATE VIEW `schema_auto_increment_columns` AS SELECT 
 1 AS `table_schema`,
 1 AS `table_name`,
 1 AS `column_name`,
 1 AS `data_type`,
 1 AS `column_type`,
 1 AS `is_signed`,
 1 AS `is_unsigned`,
 1 AS `max_value`,
 1 AS `auto_increment`,
 1 AS `auto_increment_ratio`*/;
SET character_set_client = @saved_cs_client;

--
-- Temporary view structure for view `schema_index_statistics`
--

DROP TABLE IF EXISTS `schema_index_statistics`;
/*!50001 DROP VIEW IF EXISTS `schema_index_statistics`*/;
SET @saved_cs_client     = @@character_set_client;
/*!50503 SET character_set_client = utf8mb4 */;
/*!50001 CREATE VIEW `schema_index_statistics` AS SELECT 
 1 AS `table_schema`,
 1 AS `table_name`,
 1 AS `index_name`,
 1 AS `rows_selected`,
 1 AS `select_latency`,
 1 AS `rows_inserted`,
 1 AS `insert_latency`,
 1 AS `rows_updated`,
 1 AS `update_latency`,
 1 AS `rows_deleted`,
 1 AS `delete_latency`*/;
SET character_set_client = @saved_cs_client;

--
-- Temporary view structure for view `schema_object_overview`
--

DROP TABLE IF EXISTS `schema_object_overview`;
/*!50001 DROP VIEW IF EXISTS `schema_object_overview`*/;
SET @saved_cs_client     = @@character_set_client;
/*!50503 SET character_set_client = utf8mb4 */;
/*!50001 CREATE VIEW `schema_object_overview` AS SELECT 
 1 AS `db`,
 1 AS `object_type`,
 1 AS `count`*/;
SET character_set_client = @saved_cs_client;

--
-- Temporary view structure for view `schema_redundant_indexes`
--

DROP TABLE IF EXISTS `schema_redundant_indexes`;
/*!50001 DROP VIEW IF EXISTS `schema_redundant_indexes`*/;
SET @saved_cs_client     = @@character_set_client;
/*!50503 SET character_set_client = utf8mb4 */;
/*!50001 CREATE VIEW `schema_redundant_indexes` AS SELECT 
 1 AS `table_schema`,
 1 AS `table_name`,
 1 AS `redundant_index_name`,
 1 AS `redundant_index_columns`,
 1 AS `redundant_index_non_unique`,
 1 AS `dominant_index_name`,
 1 AS `dominant_index_columns`,
 1 AS `dominant_index_non_unique`,
 1 AS `subpart_exists`,
 1 AS `sql_drop_index`*/;
SET character_set_client = @saved_cs_client;

--
-- Temporary view structure for view `schema_table_lock_waits`
--

DROP TABLE IF EXISTS `schema_table_lock_waits`;
/*!50001 DROP VIEW IF EXISTS `schema_table_lock_waits`*/;
SET @saved_cs_client     = @@character_set_client;
/*!50503 SET character_set_client = utf8mb4 */;
/*!50001 CREATE VIEW `schema_table_lock_waits` AS SELECT 
 1 AS `object_schema`,
 1 AS `object_name`,
 1 AS `waiting_thread_id`,
 1 AS `waiting_pid`,
 1 AS `waiting_account`,
 1 AS `waiting_lock_type`,
 1 AS `waiting_lock_duration`,
 1 AS `waiting_query`,
 1 AS `waiting_query_secs`,
 1 AS `waiting_query_rows_affected`,
 1 AS `waiting_query_rows_examined`,
 1 AS `blocking_thread_id`,
 1 AS `blocking_pid`,
 1 AS `blocking_account`,
 1 AS `blocking_lock_type`,
 1 AS `blocking_lock_duration`,
 1 AS `sql_kill_blocking_query`,
 1 AS `sql_kill_blocking_connection`*/;
SET character_set_client = @saved_cs_client;

--
-- Temporary view structure for view `schema_table_statistics`
--

DROP TABLE IF EXISTS `schema_table_statistics`;
/*!50001 DROP VIEW IF EXISTS `schema_table_statistics`*/;
SET @saved_cs_client     = @@character_set_client;
/*!50503 SET character_set_client = utf8mb4 */;
/*!50001 CREATE VIEW `schema_table_statistics` AS SELECT 
 1 AS `table_schema`,
 1 AS `table_name`,
 1 AS `total_latency`,
 1 AS `rows_fetched`,
 1 AS `fetch_latency`,
 1 AS `rows_inserted`,
 1 AS `insert_latency`,
 1 AS `rows_updated`,
 1 AS `update_latency`,
 1 AS `rows_deleted`,
 1 AS `delete_latency`,
 1 AS `io_read_requests`,
 1 AS `io_read`,
 1 AS `io_read_latency`,
 1 AS `io_write_requests`,
 1 AS `io_write`,
 1 AS `io_write_latency`,
 1 AS `io_misc_requests`,
 1 AS `io_misc_latency`*/;
SET character_set_client = @saved_cs_client;

--
-- Temporary view structure for view `schema_table_statistics_with_buffer`
--

DROP TABLE IF EXISTS `schema_table_statistics_with_buffer`;
/*!50001 DROP VIEW IF EXISTS `schema_table_statistics_with_buffer`*/;
SET @saved_cs_client     = @@character_set_client;
/*!50503 SET character_set_client = utf8mb4 */;
/*!50001 CREATE VIEW `schema_table_statistics_with_buffer` AS SELECT 
 1 AS `table_schema`,
 1 AS `table_name`,
 1 AS `rows_fetched`,
 1 AS `fetch_latency`,
 1 AS `rows_inserted`,
 1 AS `insert_latency`,
 1 AS `rows_updated`,
 1 AS `update_latency`,
 1 AS `rows_deleted`,
 1 AS `delete_latency`,
 1 AS `io_read_requests`,
 1 AS `io_read`,
 1 AS `io_read_latency`,
 1 AS `io_write_requests`,
 1 AS `io_write`,
 1 AS `io_write_latency`,
 1 AS `io_misc_requests`,
 1 AS `io_misc_latency`,
 1 AS `innodb_buffer_allocated`,
 1 AS `innodb_buffer_data`,
 1 AS `innodb_buffer_free`,
 1 AS `innodb_buffer_pages`,
 1 AS `innodb_buffer_pages_hashed`,
 1 AS `innodb_buffer_pages_old`,
 1 AS `innodb_buffer_rows_cached`*/;
SET character_set_client = @saved_cs_client;

--
-- Temporary view structure for view `schema_tables_with_full_table_scans`
--

DROP TABLE IF EXISTS `schema_tables_with_full_table_scans`;
/*!50001 DROP VIEW IF EXISTS `schema_tables_with_full_table_scans`*/;
SET @saved_cs_client     = @@character_set_client;
/*!50503 SET character_set_client = utf8mb4 */;
/*!50001 CREATE VIEW `schema_tables_with_full_table_scans` AS SELECT 
 1 AS `object_schema`,
 1 AS `object_name`,
 1 AS `rows_full_scanned`,
 1 AS `latency`*/;
SET character_set_client = @saved_cs_client;

--
-- Temporary view structure for view `schema_unused_indexes`
--

DROP TABLE IF EXISTS `schema_unused_indexes`;
/*!50001 DROP VIEW IF EXISTS `schema_unused_indexes`*/;
SET @saved_cs_client     = @@character_set_client;
/*!50503 SET character_set_client = utf8mb4 */;
/*!50001 CREATE VIEW `schema_unused_indexes` AS SELECT 
 1 AS `object_schema`,
 1 AS `object_name`,
 1 AS `index_name`*/;
SET character_set_client = @saved_cs_client;

--
-- Temporary view structure for view `session`
--

DROP TABLE IF EXISTS `session`;
/*!50001 DROP VIEW IF EXISTS `session`*/;
SET @saved_cs_client     = @@character_set_client;
/*!50503 SET character_set_client = utf8mb4 */;
/*!50001 CREATE VIEW `session` AS SELECT 
 1 AS `thd_id`,
 1 AS `conn_id`,
 1 AS `user`,
 1 AS `db`,
 1 AS `command`,
 1 AS `state`,
 1 AS `time`,
 1 AS `current_statement`,
 1 AS `statement_latency`,
 1 AS `progress`,
 1 AS `lock_latency`,
 1 AS `rows_examined`,
 1 AS `rows_sent`,
 1 AS `rows_affected`,
 1 AS `tmp_tables`,
 1 AS `tmp_disk_tables`,
 1 AS `full_scan`,
 1 AS `last_statement`,
 1 AS `last_statement_latency`,
 1 AS `current_memory`,
 1 AS `last_wait`,
 1 AS `last_wait_latency`,
 1 AS `source`,
 1 AS `trx_latency`,
 1 AS `trx_state`,
 1 AS `trx_autocommit`,
 1 AS `pid`,
 1 AS `program_name`*/;
SET character_set_client = @saved_cs_client;

--
-- Temporary view structure for view `session_ssl_status`
--

DROP TABLE IF EXISTS `session_ssl_status`;
/*!50001 DROP VIEW IF EXISTS `session_ssl_status`*/;
SET @saved_cs_client     = @@character_set_client;
/*!50503 SET character_set_client = utf8mb4 */;
/*!50001 CREATE VIEW `session_ssl_status` AS SELECT 
 1 AS `thread_id`,
 1 AS `ssl_version`,
 1 AS `ssl_cipher`,
 1 AS `ssl_sessions_reused`*/;
SET character_set_client = @saved_cs_client;

--
-- Temporary view structure for view `statement_analysis`
--

DROP TABLE IF EXISTS `statement_analysis`;
/*!50001 DROP VIEW IF EXISTS `statement_analysis`*/;
SET @saved_cs_client     = @@character_set_client;
/*!50503 SET character_set_client = utf8mb4 */;
/*!50001 CREATE VIEW `statement_analysis` AS SELECT 
 1 AS `query`,
 1 AS `db`,
 1 AS `full_scan`,
 1 AS `exec_count`,
 1 AS `err_count`,
 1 AS `warn_count`,
 1 AS `total_latency`,
 1 AS `max_latency`,
 1 AS `avg_latency`,
 1 AS `lock_latency`,
 1 AS `rows_sent`,
 1 AS `rows_sent_avg`,
 1 AS `rows_examined`,
 1 AS `rows_examined_avg`,
 1 AS `rows_affected`,
 1 AS `rows_affected_avg`,
 1 AS `tmp_tables`,
 1 AS `tmp_disk_tables`,
 1 AS `rows_sorted`,
 1 AS `sort_merge_passes`,
 1 AS `digest`,
 1 AS `first_seen`,
 1 AS `last_seen`*/;
SET character_set_client = @saved_cs_client;

--
-- Temporary view structure for view `statements_with_errors_or_warnings`
--

DROP TABLE IF EXISTS `statements_with_errors_or_warnings`;
/*!50001 DROP VIEW IF EXISTS `statements_with_errors_or_warnings`*/;
SET @saved_cs_client     = @@character_set_client;
/*!50503 SET character_set_client = utf8mb4 */;
/*!50001 CREATE VIEW `statements_with_errors_or_warnings` AS SELECT 
 1 AS `query`,
 1 AS `db`,
 1 AS `exec_count`,
 1 AS `errors`,
 1 AS `error_pct`,
 1 AS `warnings`,
 1 AS `warning_pct`,
 1 AS `first_seen`,
 1 AS `last_seen`,
 1 AS `digest`*/;
SET character_set_client = @saved_cs_client;

--
-- Temporary view structure for view `statements_with_full_table_scans`
--

DROP TABLE IF EXISTS `statements_with_full_table_scans`;
/*!50001 DROP VIEW IF EXISTS `statements_with_full_table_scans`*/;
SET @saved_cs_client     = @@character_set_client;
/*!50503 SET character_set_client = utf8mb4 */;
/*!50001 CREATE VIEW `statements_with_full_table_scans` AS SELECT 
 1 AS `query`,
 1 AS `db`,
 1 AS `exec_count`,
 1 AS `total_latency`,
 1 AS `no_index_used_count`,
 1 AS `no_good_index_used_count`,
 1 AS `no_index_used_pct`,
 1 AS `rows_sent`,
 1 AS `rows_examined`,
 1 AS `rows_sent_avg`,
 1 AS `rows_examined_avg`,
 1 AS `first_seen`,
 1 AS `last_seen`,
 1 AS `digest`*/;
SET character_set_client = @saved_cs_client;

--
-- Temporary view structure for view `statements_with_runtimes_in_95th_percentile`
--

DROP TABLE IF EXISTS `statements_with_runtimes_in_95th_percentile`;
/*!50001 DROP VIEW IF EXISTS `statements_with_runtimes_in_95th_percentile`*/;
SET @saved_cs_client     = @@character_set_client;
/*!50503 SET character_set_client = utf8mb4 */;
/*!50001 CREATE VIEW `statements_with_runtimes_in_95th_percentile` AS SELECT 
 1 AS `query`,
 1 AS `db`,
 1 AS `full_scan`,
 1 AS `exec_count`,
 1 AS `err_count`,
 1 AS `warn_count`,
 1 AS `total_latency`,
 1 AS `max_latency`,
 1 AS `avg_latency`,
 1 AS `rows_sent`,
 1 AS `rows_sent_avg`,
 1 AS `rows_examined`,
 1 AS `rows_examined_avg`,
 1 AS `first_seen`,
 1 AS `last_seen`,
 1 AS `digest`*/;
SET character_set_client = @saved_cs_client;

--
-- Temporary view structure for view `statements_with_sorting`
--

DROP TABLE IF EXISTS `statements_with_sorting`;
/*!50001 DROP VIEW IF EXISTS `statements_with_sorting`*/;
SET @saved_cs_client     = @@character_set_client;
/*!50503 SET character_set_client = utf8mb4 */;
/*!50001 CREATE VIEW `statements_with_sorting` AS SELECT 
 1 AS `query`,
 1 AS `db`,
 1 AS `exec_count`,
 1 AS `total_latency`,
 1 AS `sort_merge_passes`,
 1 AS `avg_sort_merges`,
 1 AS `sorts_using_scans`,
 1 AS `sort_using_range`,
 1 AS `rows_sorted`,
 1 AS `avg_rows_sorted`,
 1 AS `first_seen`,
 1 AS `last_seen`,
 1 AS `digest`*/;
SET character_set_client = @saved_cs_client;

--
-- Temporary view structure for view `statements_with_temp_tables`
--

DROP TABLE IF EXISTS `statements_with_temp_tables`;
/*!50001 DROP VIEW IF EXISTS `statements_with_temp_tables`*/;
SET @saved_cs_client     = @@character_set_client;
/*!50503 SET character_set_client = utf8mb4 */;
/*!50001 CREATE VIEW `statements_with_temp_tables` AS SELECT 
 1 AS `query`,
 1 AS `db`,
 1 AS `exec_count`,
 1 AS `total_latency`,
 1 AS `memory_tmp_tables`,
 1 AS `disk_tmp_tables`,
 1 AS `avg_tmp_tables_per_query`,
 1 AS `tmp_tables_to_disk_pct`,
 1 AS `first_seen`,
 1 AS `last_seen`,
 1 AS `digest`*/;
SET character_set_client = @saved_cs_client;

--
-- Table structure for table `sys_config`
--

DROP TABLE IF EXISTS `sys_config`;
/*!40101 SET @saved_cs_client     = @@character_set_client */;
/*!50503 SET character_set_client = utf8mb4 */;
CREATE TABLE `sys_config` (
  `variable` varchar(128) NOT NULL,
  `value` varchar(128) DEFAULT NULL,
  `set_time` timestamp NULL DEFAULT CURRENT_TIMESTAMP ON UPDATE CURRENT_TIMESTAMP,
  `set_by` varchar(128) DEFAULT NULL,
  PRIMARY KEY (`variable`)
) ENGINE=InnoDB DEFAULT CHARSET=utf8mb4 COLLATE=utf8mb4_0900_ai_ci;
/*!40101 SET character_set_client = @saved_cs_client */;

--
-- Dumping data for table `sys_config`
--

LOCK TABLES `sys_config` WRITE;
/*!40000 ALTER TABLE `sys_config` DISABLE KEYS */;
INSERT INTO `sys_config` VALUES ('diagnostics.allow_i_s_tables','OFF','2021-09-29 14:05:17',NULL),('diagnostics.include_raw','OFF','2021-09-29 14:05:17',NULL),('ps_thread_trx_info.max_length','65535','2021-09-29 14:05:17',NULL),('statement_performance_analyzer.limit','100','2021-09-29 14:05:17',NULL),('statement_performance_analyzer.view',NULL,'2021-09-29 14:05:17',NULL),('statement_truncate_len','64','2021-09-29 14:05:17',NULL);
/*!40000 ALTER TABLE `sys_config` ENABLE KEYS */;
UNLOCK TABLES;

--
-- Temporary view structure for view `user_summary`
--

DROP TABLE IF EXISTS `user_summary`;
/*!50001 DROP VIEW IF EXISTS `user_summary`*/;
SET @saved_cs_client     = @@character_set_client;
/*!50503 SET character_set_client = utf8mb4 */;
/*!50001 CREATE VIEW `user_summary` AS SELECT 
 1 AS `user`,
 1 AS `statements`,
 1 AS `statement_latency`,
 1 AS `statement_avg_latency`,
 1 AS `table_scans`,
 1 AS `file_ios`,
 1 AS `file_io_latency`,
 1 AS `current_connections`,
 1 AS `total_connections`,
 1 AS `unique_hosts`,
 1 AS `current_memory`,
 1 AS `total_memory_allocated`*/;
SET character_set_client = @saved_cs_client;

--
-- Temporary view structure for view `user_summary_by_file_io`
--

DROP TABLE IF EXISTS `user_summary_by_file_io`;
/*!50001 DROP VIEW IF EXISTS `user_summary_by_file_io`*/;
SET @saved_cs_client     = @@character_set_client;
/*!50503 SET character_set_client = utf8mb4 */;
/*!50001 CREATE VIEW `user_summary_by_file_io` AS SELECT 
 1 AS `user`,
 1 AS `ios`,
 1 AS `io_latency`*/;
SET character_set_client = @saved_cs_client;

--
-- Temporary view structure for view `user_summary_by_file_io_type`
--

DROP TABLE IF EXISTS `user_summary_by_file_io_type`;
/*!50001 DROP VIEW IF EXISTS `user_summary_by_file_io_type`*/;
SET @saved_cs_client     = @@character_set_client;
/*!50503 SET character_set_client = utf8mb4 */;
/*!50001 CREATE VIEW `user_summary_by_file_io_type` AS SELECT 
 1 AS `user`,
 1 AS `event_name`,
 1 AS `total`,
 1 AS `latency`,
 1 AS `max_latency`*/;
SET character_set_client = @saved_cs_client;

--
-- Temporary view structure for view `user_summary_by_stages`
--

DROP TABLE IF EXISTS `user_summary_by_stages`;
/*!50001 DROP VIEW IF EXISTS `user_summary_by_stages`*/;
SET @saved_cs_client     = @@character_set_client;
/*!50503 SET character_set_client = utf8mb4 */;
/*!50001 CREATE VIEW `user_summary_by_stages` AS SELECT 
 1 AS `user`,
 1 AS `event_name`,
 1 AS `total`,
 1 AS `total_latency`,
 1 AS `avg_latency`*/;
SET character_set_client = @saved_cs_client;

--
-- Temporary view structure for view `user_summary_by_statement_latency`
--

DROP TABLE IF EXISTS `user_summary_by_statement_latency`;
/*!50001 DROP VIEW IF EXISTS `user_summary_by_statement_latency`*/;
SET @saved_cs_client     = @@character_set_client;
/*!50503 SET character_set_client = utf8mb4 */;
/*!50001 CREATE VIEW `user_summary_by_statement_latency` AS SELECT 
 1 AS `user`,
 1 AS `total`,
 1 AS `total_latency`,
 1 AS `max_latency`,
 1 AS `lock_latency`,
 1 AS `rows_sent`,
 1 AS `rows_examined`,
 1 AS `rows_affected`,
 1 AS `full_scans`*/;
SET character_set_client = @saved_cs_client;

--
-- Temporary view structure for view `user_summary_by_statement_type`
--

DROP TABLE IF EXISTS `user_summary_by_statement_type`;
/*!50001 DROP VIEW IF EXISTS `user_summary_by_statement_type`*/;
SET @saved_cs_client     = @@character_set_client;
/*!50503 SET character_set_client = utf8mb4 */;
/*!50001 CREATE VIEW `user_summary_by_statement_type` AS SELECT 
 1 AS `user`,
 1 AS `statement`,
 1 AS `total`,
 1 AS `total_latency`,
 1 AS `max_latency`,
 1 AS `lock_latency`,
 1 AS `rows_sent`,
 1 AS `rows_examined`,
 1 AS `rows_affected`,
 1 AS `full_scans`*/;
SET character_set_client = @saved_cs_client;

--
-- Temporary view structure for view `version`
--

DROP TABLE IF EXISTS `version`;
/*!50001 DROP VIEW IF EXISTS `version`*/;
SET @saved_cs_client     = @@character_set_client;
/*!50503 SET character_set_client = utf8mb4 */;
/*!50001 CREATE VIEW `version` AS SELECT 
 1 AS `sys_version`,
 1 AS `mysql_version`*/;
SET character_set_client = @saved_cs_client;

--
-- Temporary view structure for view `wait_classes_global_by_avg_latency`
--

DROP TABLE IF EXISTS `wait_classes_global_by_avg_latency`;
/*!50001 DROP VIEW IF EXISTS `wait_classes_global_by_avg_latency`*/;
SET @saved_cs_client     = @@character_set_client;
/*!50503 SET character_set_client = utf8mb4 */;
/*!50001 CREATE VIEW `wait_classes_global_by_avg_latency` AS SELECT 
 1 AS `event_class`,
 1 AS `total`,
 1 AS `total_latency`,
 1 AS `min_latency`,
 1 AS `avg_latency`,
 1 AS `max_latency`*/;
SET character_set_client = @saved_cs_client;

--
-- Temporary view structure for view `wait_classes_global_by_latency`
--

DROP TABLE IF EXISTS `wait_classes_global_by_latency`;
/*!50001 DROP VIEW IF EXISTS `wait_classes_global_by_latency`*/;
SET @saved_cs_client     = @@character_set_client;
/*!50503 SET character_set_client = utf8mb4 */;
/*!50001 CREATE VIEW `wait_classes_global_by_latency` AS SELECT 
 1 AS `event_class`,
 1 AS `total`,
 1 AS `total_latency`,
 1 AS `min_latency`,
 1 AS `avg_latency`,
 1 AS `max_latency`*/;
SET character_set_client = @saved_cs_client;

--
-- Temporary view structure for view `waits_by_host_by_latency`
--

DROP TABLE IF EXISTS `waits_by_host_by_latency`;
/*!50001 DROP VIEW IF EXISTS `waits_by_host_by_latency`*/;
SET @saved_cs_client     = @@character_set_client;
/*!50503 SET character_set_client = utf8mb4 */;
/*!50001 CREATE VIEW `waits_by_host_by_latency` AS SELECT 
 1 AS `host`,
 1 AS `event`,
 1 AS `total`,
 1 AS `total_latency`,
 1 AS `avg_latency`,
 1 AS `max_latency`*/;
SET character_set_client = @saved_cs_client;

--
-- Temporary view structure for view `waits_by_user_by_latency`
--

DROP TABLE IF EXISTS `waits_by_user_by_latency`;
/*!50001 DROP VIEW IF EXISTS `waits_by_user_by_latency`*/;
SET @saved_cs_client     = @@character_set_client;
/*!50503 SET character_set_client = utf8mb4 */;
/*!50001 CREATE VIEW `waits_by_user_by_latency` AS SELECT 
 1 AS `user`,
 1 AS `event`,
 1 AS `total`,
 1 AS `total_latency`,
 1 AS `avg_latency`,
 1 AS `max_latency`*/;
SET character_set_client = @saved_cs_client;

--
-- Temporary view structure for view `waits_global_by_latency`
--

DROP TABLE IF EXISTS `waits_global_by_latency`;
/*!50001 DROP VIEW IF EXISTS `waits_global_by_latency`*/;
SET @saved_cs_client     = @@character_set_client;
/*!50503 SET character_set_client = utf8mb4 */;
/*!50001 CREATE VIEW `waits_global_by_latency` AS SELECT 
 1 AS `events`,
 1 AS `total`,
 1 AS `total_latency`,
 1 AS `avg_latency`,
 1 AS `max_latency`*/;
SET character_set_client = @saved_cs_client;

--
-- Temporary view structure for view `x$host_summary`
--

DROP TABLE IF EXISTS `x$host_summary`;
/*!50001 DROP VIEW IF EXISTS `x$host_summary`*/;
SET @saved_cs_client     = @@character_set_client;
/*!50503 SET character_set_client = utf8mb4 */;
/*!50001 CREATE VIEW `x$host_summary` AS SELECT 
 1 AS `host`,
 1 AS `statements`,
 1 AS `statement_latency`,
 1 AS `statement_avg_latency`,
 1 AS `table_scans`,
 1 AS `file_ios`,
 1 AS `file_io_latency`,
 1 AS `current_connections`,
 1 AS `total_connections`,
 1 AS `unique_users`,
 1 AS `current_memory`,
 1 AS `total_memory_allocated`*/;
SET character_set_client = @saved_cs_client;

--
-- Temporary view structure for view `x$host_summary_by_file_io`
--

DROP TABLE IF EXISTS `x$host_summary_by_file_io`;
/*!50001 DROP VIEW IF EXISTS `x$host_summary_by_file_io`*/;
SET @saved_cs_client     = @@character_set_client;
/*!50503 SET character_set_client = utf8mb4 */;
/*!50001 CREATE VIEW `x$host_summary_by_file_io` AS SELECT 
 1 AS `host`,
 1 AS `ios`,
 1 AS `io_latency`*/;
SET character_set_client = @saved_cs_client;

--
-- Temporary view structure for view `x$host_summary_by_file_io_type`
--

DROP TABLE IF EXISTS `x$host_summary_by_file_io_type`;
/*!50001 DROP VIEW IF EXISTS `x$host_summary_by_file_io_type`*/;
SET @saved_cs_client     = @@character_set_client;
/*!50503 SET character_set_client = utf8mb4 */;
/*!50001 CREATE VIEW `x$host_summary_by_file_io_type` AS SELECT 
 1 AS `host`,
 1 AS `event_name`,
 1 AS `total`,
 1 AS `total_latency`,
 1 AS `max_latency`*/;
SET character_set_client = @saved_cs_client;

--
-- Temporary view structure for view `x$host_summary_by_stages`
--

DROP TABLE IF EXISTS `x$host_summary_by_stages`;
/*!50001 DROP VIEW IF EXISTS `x$host_summary_by_stages`*/;
SET @saved_cs_client     = @@character_set_client;
/*!50503 SET character_set_client = utf8mb4 */;
/*!50001 CREATE VIEW `x$host_summary_by_stages` AS SELECT 
 1 AS `host`,
 1 AS `event_name`,
 1 AS `total`,
 1 AS `total_latency`,
 1 AS `avg_latency`*/;
SET character_set_client = @saved_cs_client;

--
-- Temporary view structure for view `x$host_summary_by_statement_latency`
--

DROP TABLE IF EXISTS `x$host_summary_by_statement_latency`;
/*!50001 DROP VIEW IF EXISTS `x$host_summary_by_statement_latency`*/;
SET @saved_cs_client     = @@character_set_client;
/*!50503 SET character_set_client = utf8mb4 */;
/*!50001 CREATE VIEW `x$host_summary_by_statement_latency` AS SELECT 
 1 AS `host`,
 1 AS `total`,
 1 AS `total_latency`,
 1 AS `max_latency`,
 1 AS `lock_latency`,
 1 AS `rows_sent`,
 1 AS `rows_examined`,
 1 AS `rows_affected`,
 1 AS `full_scans`*/;
SET character_set_client = @saved_cs_client;

--
-- Temporary view structure for view `x$host_summary_by_statement_type`
--

DROP TABLE IF EXISTS `x$host_summary_by_statement_type`;
/*!50001 DROP VIEW IF EXISTS `x$host_summary_by_statement_type`*/;
SET @saved_cs_client     = @@character_set_client;
/*!50503 SET character_set_client = utf8mb4 */;
/*!50001 CREATE VIEW `x$host_summary_by_statement_type` AS SELECT 
 1 AS `host`,
 1 AS `statement`,
 1 AS `total`,
 1 AS `total_latency`,
 1 AS `max_latency`,
 1 AS `lock_latency`,
 1 AS `rows_sent`,
 1 AS `rows_examined`,
 1 AS `rows_affected`,
 1 AS `full_scans`*/;
SET character_set_client = @saved_cs_client;

--
-- Temporary view structure for view `x$innodb_buffer_stats_by_schema`
--

DROP TABLE IF EXISTS `x$innodb_buffer_stats_by_schema`;
/*!50001 DROP VIEW IF EXISTS `x$innodb_buffer_stats_by_schema`*/;
SET @saved_cs_client     = @@character_set_client;
/*!50503 SET character_set_client = utf8mb4 */;
/*!50001 CREATE VIEW `x$innodb_buffer_stats_by_schema` AS SELECT 
 1 AS `object_schema`,
 1 AS `allocated`,
 1 AS `data`,
 1 AS `pages`,
 1 AS `pages_hashed`,
 1 AS `pages_old`,
 1 AS `rows_cached`*/;
SET character_set_client = @saved_cs_client;

--
-- Temporary view structure for view `x$innodb_buffer_stats_by_table`
--

DROP TABLE IF EXISTS `x$innodb_buffer_stats_by_table`;
/*!50001 DROP VIEW IF EXISTS `x$innodb_buffer_stats_by_table`*/;
SET @saved_cs_client     = @@character_set_client;
/*!50503 SET character_set_client = utf8mb4 */;
/*!50001 CREATE VIEW `x$innodb_buffer_stats_by_table` AS SELECT 
 1 AS `object_schema`,
 1 AS `object_name`,
 1 AS `allocated`,
 1 AS `data`,
 1 AS `pages`,
 1 AS `pages_hashed`,
 1 AS `pages_old`,
 1 AS `rows_cached`*/;
SET character_set_client = @saved_cs_client;

--
-- Temporary view structure for view `x$innodb_lock_waits`
--

DROP TABLE IF EXISTS `x$innodb_lock_waits`;
/*!50001 DROP VIEW IF EXISTS `x$innodb_lock_waits`*/;
SET @saved_cs_client     = @@character_set_client;
/*!50503 SET character_set_client = utf8mb4 */;
/*!50001 CREATE VIEW `x$innodb_lock_waits` AS SELECT 
 1 AS `wait_started`,
 1 AS `wait_age`,
 1 AS `wait_age_secs`,
 1 AS `locked_table`,
 1 AS `locked_table_schema`,
 1 AS `locked_table_name`,
 1 AS `locked_table_partition`,
 1 AS `locked_table_subpartition`,
 1 AS `locked_index`,
 1 AS `locked_type`,
 1 AS `waiting_trx_id`,
 1 AS `waiting_trx_started`,
 1 AS `waiting_trx_age`,
 1 AS `waiting_trx_rows_locked`,
 1 AS `waiting_trx_rows_modified`,
 1 AS `waiting_pid`,
 1 AS `waiting_query`,
 1 AS `waiting_lock_id`,
 1 AS `waiting_lock_mode`,
 1 AS `blocking_trx_id`,
 1 AS `blocking_pid`,
 1 AS `blocking_query`,
 1 AS `blocking_lock_id`,
 1 AS `blocking_lock_mode`,
 1 AS `blocking_trx_started`,
 1 AS `blocking_trx_age`,
 1 AS `blocking_trx_rows_locked`,
 1 AS `blocking_trx_rows_modified`,
 1 AS `sql_kill_blocking_query`,
 1 AS `sql_kill_blocking_connection`*/;
SET character_set_client = @saved_cs_client;

--
-- Temporary view structure for view `x$io_by_thread_by_latency`
--

DROP TABLE IF EXISTS `x$io_by_thread_by_latency`;
/*!50001 DROP VIEW IF EXISTS `x$io_by_thread_by_latency`*/;
SET @saved_cs_client     = @@character_set_client;
/*!50503 SET character_set_client = utf8mb4 */;
/*!50001 CREATE VIEW `x$io_by_thread_by_latency` AS SELECT 
 1 AS `user`,
 1 AS `total`,
 1 AS `total_latency`,
 1 AS `min_latency`,
 1 AS `avg_latency`,
 1 AS `max_latency`,
 1 AS `thread_id`,
 1 AS `processlist_id`*/;
SET character_set_client = @saved_cs_client;

--
-- Temporary view structure for view `x$io_global_by_file_by_bytes`
--

DROP TABLE IF EXISTS `x$io_global_by_file_by_bytes`;
/*!50001 DROP VIEW IF EXISTS `x$io_global_by_file_by_bytes`*/;
SET @saved_cs_client     = @@character_set_client;
/*!50503 SET character_set_client = utf8mb4 */;
/*!50001 CREATE VIEW `x$io_global_by_file_by_bytes` AS SELECT 
 1 AS `file`,
 1 AS `count_read`,
 1 AS `total_read`,
 1 AS `avg_read`,
 1 AS `count_write`,
 1 AS `total_written`,
 1 AS `avg_write`,
 1 AS `total`,
 1 AS `write_pct`*/;
SET character_set_client = @saved_cs_client;

--
-- Temporary view structure for view `x$io_global_by_file_by_latency`
--

DROP TABLE IF EXISTS `x$io_global_by_file_by_latency`;
/*!50001 DROP VIEW IF EXISTS `x$io_global_by_file_by_latency`*/;
SET @saved_cs_client     = @@character_set_client;
/*!50503 SET character_set_client = utf8mb4 */;
/*!50001 CREATE VIEW `x$io_global_by_file_by_latency` AS SELECT 
 1 AS `file`,
 1 AS `total`,
 1 AS `total_latency`,
 1 AS `count_read`,
 1 AS `read_latency`,
 1 AS `count_write`,
 1 AS `write_latency`,
 1 AS `count_misc`,
 1 AS `misc_latency`*/;
SET character_set_client = @saved_cs_client;

--
-- Temporary view structure for view `x$io_global_by_wait_by_bytes`
--

DROP TABLE IF EXISTS `x$io_global_by_wait_by_bytes`;
/*!50001 DROP VIEW IF EXISTS `x$io_global_by_wait_by_bytes`*/;
SET @saved_cs_client     = @@character_set_client;
/*!50503 SET character_set_client = utf8mb4 */;
/*!50001 CREATE VIEW `x$io_global_by_wait_by_bytes` AS SELECT 
 1 AS `event_name`,
 1 AS `total`,
 1 AS `total_latency`,
 1 AS `min_latency`,
 1 AS `avg_latency`,
 1 AS `max_latency`,
 1 AS `count_read`,
 1 AS `total_read`,
 1 AS `avg_read`,
 1 AS `count_write`,
 1 AS `total_written`,
 1 AS `avg_written`,
 1 AS `total_requested`*/;
SET character_set_client = @saved_cs_client;

--
-- Temporary view structure for view `x$io_global_by_wait_by_latency`
--

DROP TABLE IF EXISTS `x$io_global_by_wait_by_latency`;
/*!50001 DROP VIEW IF EXISTS `x$io_global_by_wait_by_latency`*/;
SET @saved_cs_client     = @@character_set_client;
/*!50503 SET character_set_client = utf8mb4 */;
/*!50001 CREATE VIEW `x$io_global_by_wait_by_latency` AS SELECT 
 1 AS `event_name`,
 1 AS `total`,
 1 AS `total_latency`,
 1 AS `avg_latency`,
 1 AS `max_latency`,
 1 AS `read_latency`,
 1 AS `write_latency`,
 1 AS `misc_latency`,
 1 AS `count_read`,
 1 AS `total_read`,
 1 AS `avg_read`,
 1 AS `count_write`,
 1 AS `total_written`,
 1 AS `avg_written`*/;
SET character_set_client = @saved_cs_client;

--
-- Temporary view structure for view `x$latest_file_io`
--

DROP TABLE IF EXISTS `x$latest_file_io`;
/*!50001 DROP VIEW IF EXISTS `x$latest_file_io`*/;
SET @saved_cs_client     = @@character_set_client;
/*!50503 SET character_set_client = utf8mb4 */;
/*!50001 CREATE VIEW `x$latest_file_io` AS SELECT 
 1 AS `thread`,
 1 AS `file`,
 1 AS `latency`,
 1 AS `operation`,
 1 AS `requested`*/;
SET character_set_client = @saved_cs_client;

--
-- Temporary view structure for view `x$memory_by_host_by_current_bytes`
--

DROP TABLE IF EXISTS `x$memory_by_host_by_current_bytes`;
/*!50001 DROP VIEW IF EXISTS `x$memory_by_host_by_current_bytes`*/;
SET @saved_cs_client     = @@character_set_client;
/*!50503 SET character_set_client = utf8mb4 */;
/*!50001 CREATE VIEW `x$memory_by_host_by_current_bytes` AS SELECT 
 1 AS `host`,
 1 AS `current_count_used`,
 1 AS `current_allocated`,
 1 AS `current_avg_alloc`,
 1 AS `current_max_alloc`,
 1 AS `total_allocated`*/;
SET character_set_client = @saved_cs_client;

--
-- Temporary view structure for view `x$memory_by_thread_by_current_bytes`
--

DROP TABLE IF EXISTS `x$memory_by_thread_by_current_bytes`;
/*!50001 DROP VIEW IF EXISTS `x$memory_by_thread_by_current_bytes`*/;
SET @saved_cs_client     = @@character_set_client;
/*!50503 SET character_set_client = utf8mb4 */;
/*!50001 CREATE VIEW `x$memory_by_thread_by_current_bytes` AS SELECT 
 1 AS `thread_id`,
 1 AS `user`,
 1 AS `current_count_used`,
 1 AS `current_allocated`,
 1 AS `current_avg_alloc`,
 1 AS `current_max_alloc`,
 1 AS `total_allocated`*/;
SET character_set_client = @saved_cs_client;

--
-- Temporary view structure for view `x$memory_by_user_by_current_bytes`
--

DROP TABLE IF EXISTS `x$memory_by_user_by_current_bytes`;
/*!50001 DROP VIEW IF EXISTS `x$memory_by_user_by_current_bytes`*/;
SET @saved_cs_client     = @@character_set_client;
/*!50503 SET character_set_client = utf8mb4 */;
/*!50001 CREATE VIEW `x$memory_by_user_by_current_bytes` AS SELECT 
 1 AS `user`,
 1 AS `current_count_used`,
 1 AS `current_allocated`,
 1 AS `current_avg_alloc`,
 1 AS `current_max_alloc`,
 1 AS `total_allocated`*/;
SET character_set_client = @saved_cs_client;

--
-- Temporary view structure for view `x$memory_global_by_current_bytes`
--

DROP TABLE IF EXISTS `x$memory_global_by_current_bytes`;
/*!50001 DROP VIEW IF EXISTS `x$memory_global_by_current_bytes`*/;
SET @saved_cs_client     = @@character_set_client;
/*!50503 SET character_set_client = utf8mb4 */;
/*!50001 CREATE VIEW `x$memory_global_by_current_bytes` AS SELECT 
 1 AS `event_name`,
 1 AS `current_count`,
 1 AS `current_alloc`,
 1 AS `current_avg_alloc`,
 1 AS `high_count`,
 1 AS `high_alloc`,
 1 AS `high_avg_alloc`*/;
SET character_set_client = @saved_cs_client;

--
-- Temporary view structure for view `x$memory_global_total`
--

DROP TABLE IF EXISTS `x$memory_global_total`;
/*!50001 DROP VIEW IF EXISTS `x$memory_global_total`*/;
SET @saved_cs_client     = @@character_set_client;
/*!50503 SET character_set_client = utf8mb4 */;
/*!50001 CREATE VIEW `x$memory_global_total` AS SELECT 
 1 AS `total_allocated`*/;
SET character_set_client = @saved_cs_client;

--
-- Temporary view structure for view `x$processlist`
--

DROP TABLE IF EXISTS `x$processlist`;
/*!50001 DROP VIEW IF EXISTS `x$processlist`*/;
SET @saved_cs_client     = @@character_set_client;
/*!50503 SET character_set_client = utf8mb4 */;
/*!50001 CREATE VIEW `x$processlist` AS SELECT 
 1 AS `thd_id`,
 1 AS `conn_id`,
 1 AS `user`,
 1 AS `db`,
 1 AS `command`,
 1 AS `state`,
 1 AS `time`,
 1 AS `current_statement`,
 1 AS `statement_latency`,
 1 AS `progress`,
 1 AS `lock_latency`,
 1 AS `rows_examined`,
 1 AS `rows_sent`,
 1 AS `rows_affected`,
 1 AS `tmp_tables`,
 1 AS `tmp_disk_tables`,
 1 AS `full_scan`,
 1 AS `last_statement`,
 1 AS `last_statement_latency`,
 1 AS `current_memory`,
 1 AS `last_wait`,
 1 AS `last_wait_latency`,
 1 AS `source`,
 1 AS `trx_latency`,
 1 AS `trx_state`,
 1 AS `trx_autocommit`,
 1 AS `pid`,
 1 AS `program_name`*/;
SET character_set_client = @saved_cs_client;

--
-- Temporary view structure for view `x$ps_digest_95th_percentile_by_avg_us`
--

DROP TABLE IF EXISTS `x$ps_digest_95th_percentile_by_avg_us`;
/*!50001 DROP VIEW IF EXISTS `x$ps_digest_95th_percentile_by_avg_us`*/;
SET @saved_cs_client     = @@character_set_client;
/*!50503 SET character_set_client = utf8mb4 */;
/*!50001 CREATE VIEW `x$ps_digest_95th_percentile_by_avg_us` AS SELECT 
 1 AS `avg_us`,
 1 AS `percentile`*/;
SET character_set_client = @saved_cs_client;

--
-- Temporary view structure for view `x$ps_digest_avg_latency_distribution`
--

DROP TABLE IF EXISTS `x$ps_digest_avg_latency_distribution`;
/*!50001 DROP VIEW IF EXISTS `x$ps_digest_avg_latency_distribution`*/;
SET @saved_cs_client     = @@character_set_client;
/*!50503 SET character_set_client = utf8mb4 */;
/*!50001 CREATE VIEW `x$ps_digest_avg_latency_distribution` AS SELECT 
 1 AS `cnt`,
 1 AS `avg_us`*/;
SET character_set_client = @saved_cs_client;

--
-- Temporary view structure for view `x$ps_schema_table_statistics_io`
--

DROP TABLE IF EXISTS `x$ps_schema_table_statistics_io`;
/*!50001 DROP VIEW IF EXISTS `x$ps_schema_table_statistics_io`*/;
SET @saved_cs_client     = @@character_set_client;
/*!50503 SET character_set_client = utf8mb4 */;
/*!50001 CREATE VIEW `x$ps_schema_table_statistics_io` AS SELECT 
 1 AS `table_schema`,
 1 AS `table_name`,
 1 AS `count_read`,
 1 AS `sum_number_of_bytes_read`,
 1 AS `sum_timer_read`,
 1 AS `count_write`,
 1 AS `sum_number_of_bytes_write`,
 1 AS `sum_timer_write`,
 1 AS `count_misc`,
 1 AS `sum_timer_misc`*/;
SET character_set_client = @saved_cs_client;

--
-- Temporary view structure for view `x$schema_flattened_keys`
--

DROP TABLE IF EXISTS `x$schema_flattened_keys`;
/*!50001 DROP VIEW IF EXISTS `x$schema_flattened_keys`*/;
SET @saved_cs_client     = @@character_set_client;
/*!50503 SET character_set_client = utf8mb4 */;
/*!50001 CREATE VIEW `x$schema_flattened_keys` AS SELECT 
 1 AS `table_schema`,
 1 AS `table_name`,
 1 AS `index_name`,
 1 AS `non_unique`,
 1 AS `subpart_exists`,
 1 AS `index_columns`*/;
SET character_set_client = @saved_cs_client;

--
-- Temporary view structure for view `x$schema_index_statistics`
--

DROP TABLE IF EXISTS `x$schema_index_statistics`;
/*!50001 DROP VIEW IF EXISTS `x$schema_index_statistics`*/;
SET @saved_cs_client     = @@character_set_client;
/*!50503 SET character_set_client = utf8mb4 */;
/*!50001 CREATE VIEW `x$schema_index_statistics` AS SELECT 
 1 AS `table_schema`,
 1 AS `table_name`,
 1 AS `index_name`,
 1 AS `rows_selected`,
 1 AS `select_latency`,
 1 AS `rows_inserted`,
 1 AS `insert_latency`,
 1 AS `rows_updated`,
 1 AS `update_latency`,
 1 AS `rows_deleted`,
 1 AS `delete_latency`*/;
SET character_set_client = @saved_cs_client;

--
-- Temporary view structure for view `x$schema_table_lock_waits`
--

DROP TABLE IF EXISTS `x$schema_table_lock_waits`;
/*!50001 DROP VIEW IF EXISTS `x$schema_table_lock_waits`*/;
SET @saved_cs_client     = @@character_set_client;
/*!50503 SET character_set_client = utf8mb4 */;
/*!50001 CREATE VIEW `x$schema_table_lock_waits` AS SELECT 
 1 AS `object_schema`,
 1 AS `object_name`,
 1 AS `waiting_thread_id`,
 1 AS `waiting_pid`,
 1 AS `waiting_account`,
 1 AS `waiting_lock_type`,
 1 AS `waiting_lock_duration`,
 1 AS `waiting_query`,
 1 AS `waiting_query_secs`,
 1 AS `waiting_query_rows_affected`,
 1 AS `waiting_query_rows_examined`,
 1 AS `blocking_thread_id`,
 1 AS `blocking_pid`,
 1 AS `blocking_account`,
 1 AS `blocking_lock_type`,
 1 AS `blocking_lock_duration`,
 1 AS `sql_kill_blocking_query`,
 1 AS `sql_kill_blocking_connection`*/;
SET character_set_client = @saved_cs_client;

--
-- Temporary view structure for view `x$schema_table_statistics`
--

DROP TABLE IF EXISTS `x$schema_table_statistics`;
/*!50001 DROP VIEW IF EXISTS `x$schema_table_statistics`*/;
SET @saved_cs_client     = @@character_set_client;
/*!50503 SET character_set_client = utf8mb4 */;
/*!50001 CREATE VIEW `x$schema_table_statistics` AS SELECT 
 1 AS `table_schema`,
 1 AS `table_name`,
 1 AS `total_latency`,
 1 AS `rows_fetched`,
 1 AS `fetch_latency`,
 1 AS `rows_inserted`,
 1 AS `insert_latency`,
 1 AS `rows_updated`,
 1 AS `update_latency`,
 1 AS `rows_deleted`,
 1 AS `delete_latency`,
 1 AS `io_read_requests`,
 1 AS `io_read`,
 1 AS `io_read_latency`,
 1 AS `io_write_requests`,
 1 AS `io_write`,
 1 AS `io_write_latency`,
 1 AS `io_misc_requests`,
 1 AS `io_misc_latency`*/;
SET character_set_client = @saved_cs_client;

--
-- Temporary view structure for view `x$schema_table_statistics_with_buffer`
--

DROP TABLE IF EXISTS `x$schema_table_statistics_with_buffer`;
/*!50001 DROP VIEW IF EXISTS `x$schema_table_statistics_with_buffer`*/;
SET @saved_cs_client     = @@character_set_client;
/*!50503 SET character_set_client = utf8mb4 */;
/*!50001 CREATE VIEW `x$schema_table_statistics_with_buffer` AS SELECT 
 1 AS `table_schema`,
 1 AS `table_name`,
 1 AS `rows_fetched`,
 1 AS `fetch_latency`,
 1 AS `rows_inserted`,
 1 AS `insert_latency`,
 1 AS `rows_updated`,
 1 AS `update_latency`,
 1 AS `rows_deleted`,
 1 AS `delete_latency`,
 1 AS `io_read_requests`,
 1 AS `io_read`,
 1 AS `io_read_latency`,
 1 AS `io_write_requests`,
 1 AS `io_write`,
 1 AS `io_write_latency`,
 1 AS `io_misc_requests`,
 1 AS `io_misc_latency`,
 1 AS `innodb_buffer_allocated`,
 1 AS `innodb_buffer_data`,
 1 AS `innodb_buffer_free`,
 1 AS `innodb_buffer_pages`,
 1 AS `innodb_buffer_pages_hashed`,
 1 AS `innodb_buffer_pages_old`,
 1 AS `innodb_buffer_rows_cached`*/;
SET character_set_client = @saved_cs_client;

--
-- Temporary view structure for view `x$schema_tables_with_full_table_scans`
--

DROP TABLE IF EXISTS `x$schema_tables_with_full_table_scans`;
/*!50001 DROP VIEW IF EXISTS `x$schema_tables_with_full_table_scans`*/;
SET @saved_cs_client     = @@character_set_client;
/*!50503 SET character_set_client = utf8mb4 */;
/*!50001 CREATE VIEW `x$schema_tables_with_full_table_scans` AS SELECT 
 1 AS `object_schema`,
 1 AS `object_name`,
 1 AS `rows_full_scanned`,
 1 AS `latency`*/;
SET character_set_client = @saved_cs_client;

--
-- Temporary view structure for view `x$session`
--

DROP TABLE IF EXISTS `x$session`;
/*!50001 DROP VIEW IF EXISTS `x$session`*/;
SET @saved_cs_client     = @@character_set_client;
/*!50503 SET character_set_client = utf8mb4 */;
/*!50001 CREATE VIEW `x$session` AS SELECT 
 1 AS `thd_id`,
 1 AS `conn_id`,
 1 AS `user`,
 1 AS `db`,
 1 AS `command`,
 1 AS `state`,
 1 AS `time`,
 1 AS `current_statement`,
 1 AS `statement_latency`,
 1 AS `progress`,
 1 AS `lock_latency`,
 1 AS `rows_examined`,
 1 AS `rows_sent`,
 1 AS `rows_affected`,
 1 AS `tmp_tables`,
 1 AS `tmp_disk_tables`,
 1 AS `full_scan`,
 1 AS `last_statement`,
 1 AS `last_statement_latency`,
 1 AS `current_memory`,
 1 AS `last_wait`,
 1 AS `last_wait_latency`,
 1 AS `source`,
 1 AS `trx_latency`,
 1 AS `trx_state`,
 1 AS `trx_autocommit`,
 1 AS `pid`,
 1 AS `program_name`*/;
SET character_set_client = @saved_cs_client;

--
-- Temporary view structure for view `x$statement_analysis`
--

DROP TABLE IF EXISTS `x$statement_analysis`;
/*!50001 DROP VIEW IF EXISTS `x$statement_analysis`*/;
SET @saved_cs_client     = @@character_set_client;
/*!50503 SET character_set_client = utf8mb4 */;
/*!50001 CREATE VIEW `x$statement_analysis` AS SELECT 
 1 AS `query`,
 1 AS `db`,
 1 AS `full_scan`,
 1 AS `exec_count`,
 1 AS `err_count`,
 1 AS `warn_count`,
 1 AS `total_latency`,
 1 AS `max_latency`,
 1 AS `avg_latency`,
 1 AS `lock_latency`,
 1 AS `rows_sent`,
 1 AS `rows_sent_avg`,
 1 AS `rows_examined`,
 1 AS `rows_examined_avg`,
 1 AS `rows_affected`,
 1 AS `rows_affected_avg`,
 1 AS `tmp_tables`,
 1 AS `tmp_disk_tables`,
 1 AS `rows_sorted`,
 1 AS `sort_merge_passes`,
 1 AS `digest`,
 1 AS `first_seen`,
 1 AS `last_seen`*/;
SET character_set_client = @saved_cs_client;

--
-- Temporary view structure for view `x$statements_with_errors_or_warnings`
--

DROP TABLE IF EXISTS `x$statements_with_errors_or_warnings`;
/*!50001 DROP VIEW IF EXISTS `x$statements_with_errors_or_warnings`*/;
SET @saved_cs_client     = @@character_set_client;
/*!50503 SET character_set_client = utf8mb4 */;
/*!50001 CREATE VIEW `x$statements_with_errors_or_warnings` AS SELECT 
 1 AS `query`,
 1 AS `db`,
 1 AS `exec_count`,
 1 AS `errors`,
 1 AS `error_pct`,
 1 AS `warnings`,
 1 AS `warning_pct`,
 1 AS `first_seen`,
 1 AS `last_seen`,
 1 AS `digest`*/;
SET character_set_client = @saved_cs_client;

--
-- Temporary view structure for view `x$statements_with_full_table_scans`
--

DROP TABLE IF EXISTS `x$statements_with_full_table_scans`;
/*!50001 DROP VIEW IF EXISTS `x$statements_with_full_table_scans`*/;
SET @saved_cs_client     = @@character_set_client;
/*!50503 SET character_set_client = utf8mb4 */;
/*!50001 CREATE VIEW `x$statements_with_full_table_scans` AS SELECT 
 1 AS `query`,
 1 AS `db`,
 1 AS `exec_count`,
 1 AS `total_latency`,
 1 AS `no_index_used_count`,
 1 AS `no_good_index_used_count`,
 1 AS `no_index_used_pct`,
 1 AS `rows_sent`,
 1 AS `rows_examined`,
 1 AS `rows_sent_avg`,
 1 AS `rows_examined_avg`,
 1 AS `first_seen`,
 1 AS `last_seen`,
 1 AS `digest`*/;
SET character_set_client = @saved_cs_client;

--
-- Temporary view structure for view `x$statements_with_runtimes_in_95th_percentile`
--

DROP TABLE IF EXISTS `x$statements_with_runtimes_in_95th_percentile`;
/*!50001 DROP VIEW IF EXISTS `x$statements_with_runtimes_in_95th_percentile`*/;
SET @saved_cs_client     = @@character_set_client;
/*!50503 SET character_set_client = utf8mb4 */;
/*!50001 CREATE VIEW `x$statements_with_runtimes_in_95th_percentile` AS SELECT 
 1 AS `query`,
 1 AS `db`,
 1 AS `full_scan`,
 1 AS `exec_count`,
 1 AS `err_count`,
 1 AS `warn_count`,
 1 AS `total_latency`,
 1 AS `max_latency`,
 1 AS `avg_latency`,
 1 AS `rows_sent`,
 1 AS `rows_sent_avg`,
 1 AS `rows_examined`,
 1 AS `rows_examined_avg`,
 1 AS `first_seen`,
 1 AS `last_seen`,
 1 AS `digest`*/;
SET character_set_client = @saved_cs_client;

--
-- Temporary view structure for view `x$statements_with_sorting`
--

DROP TABLE IF EXISTS `x$statements_with_sorting`;
/*!50001 DROP VIEW IF EXISTS `x$statements_with_sorting`*/;
SET @saved_cs_client     = @@character_set_client;
/*!50503 SET character_set_client = utf8mb4 */;
/*!50001 CREATE VIEW `x$statements_with_sorting` AS SELECT 
 1 AS `query`,
 1 AS `db`,
 1 AS `exec_count`,
 1 AS `total_latency`,
 1 AS `sort_merge_passes`,
 1 AS `avg_sort_merges`,
 1 AS `sorts_using_scans`,
 1 AS `sort_using_range`,
 1 AS `rows_sorted`,
 1 AS `avg_rows_sorted`,
 1 AS `first_seen`,
 1 AS `last_seen`,
 1 AS `digest`*/;
SET character_set_client = @saved_cs_client;

--
-- Temporary view structure for view `x$statements_with_temp_tables`
--

DROP TABLE IF EXISTS `x$statements_with_temp_tables`;
/*!50001 DROP VIEW IF EXISTS `x$statements_with_temp_tables`*/;
SET @saved_cs_client     = @@character_set_client;
/*!50503 SET character_set_client = utf8mb4 */;
/*!50001 CREATE VIEW `x$statements_with_temp_tables` AS SELECT 
 1 AS `query`,
 1 AS `db`,
 1 AS `exec_count`,
 1 AS `total_latency`,
 1 AS `memory_tmp_tables`,
 1 AS `disk_tmp_tables`,
 1 AS `avg_tmp_tables_per_query`,
 1 AS `tmp_tables_to_disk_pct`,
 1 AS `first_seen`,
 1 AS `last_seen`,
 1 AS `digest`*/;
SET character_set_client = @saved_cs_client;

--
-- Temporary view structure for view `x$user_summary`
--

DROP TABLE IF EXISTS `x$user_summary`;
/*!50001 DROP VIEW IF EXISTS `x$user_summary`*/;
SET @saved_cs_client     = @@character_set_client;
/*!50503 SET character_set_client = utf8mb4 */;
/*!50001 CREATE VIEW `x$user_summary` AS SELECT 
 1 AS `user`,
 1 AS `statements`,
 1 AS `statement_latency`,
 1 AS `statement_avg_latency`,
 1 AS `table_scans`,
 1 AS `file_ios`,
 1 AS `file_io_latency`,
 1 AS `current_connections`,
 1 AS `total_connections`,
 1 AS `unique_hosts`,
 1 AS `current_memory`,
 1 AS `total_memory_allocated`*/;
SET character_set_client = @saved_cs_client;

--
-- Temporary view structure for view `x$user_summary_by_file_io`
--

DROP TABLE IF EXISTS `x$user_summary_by_file_io`;
/*!50001 DROP VIEW IF EXISTS `x$user_summary_by_file_io`*/;
SET @saved_cs_client     = @@character_set_client;
/*!50503 SET character_set_client = utf8mb4 */;
/*!50001 CREATE VIEW `x$user_summary_by_file_io` AS SELECT 
 1 AS `user`,
 1 AS `ios`,
 1 AS `io_latency`*/;
SET character_set_client = @saved_cs_client;

--
-- Temporary view structure for view `x$user_summary_by_file_io_type`
--

DROP TABLE IF EXISTS `x$user_summary_by_file_io_type`;
/*!50001 DROP VIEW IF EXISTS `x$user_summary_by_file_io_type`*/;
SET @saved_cs_client     = @@character_set_client;
/*!50503 SET character_set_client = utf8mb4 */;
/*!50001 CREATE VIEW `x$user_summary_by_file_io_type` AS SELECT 
 1 AS `user`,
 1 AS `event_name`,
 1 AS `total`,
 1 AS `latency`,
 1 AS `max_latency`*/;
SET character_set_client = @saved_cs_client;

--
-- Temporary view structure for view `x$user_summary_by_stages`
--

DROP TABLE IF EXISTS `x$user_summary_by_stages`;
/*!50001 DROP VIEW IF EXISTS `x$user_summary_by_stages`*/;
SET @saved_cs_client     = @@character_set_client;
/*!50503 SET character_set_client = utf8mb4 */;
/*!50001 CREATE VIEW `x$user_summary_by_stages` AS SELECT 
 1 AS `user`,
 1 AS `event_name`,
 1 AS `total`,
 1 AS `total_latency`,
 1 AS `avg_latency`*/;
SET character_set_client = @saved_cs_client;

--
-- Temporary view structure for view `x$user_summary_by_statement_latency`
--

DROP TABLE IF EXISTS `x$user_summary_by_statement_latency`;
/*!50001 DROP VIEW IF EXISTS `x$user_summary_by_statement_latency`*/;
SET @saved_cs_client     = @@character_set_client;
/*!50503 SET character_set_client = utf8mb4 */;
/*!50001 CREATE VIEW `x$user_summary_by_statement_latency` AS SELECT 
 1 AS `user`,
 1 AS `total`,
 1 AS `total_latency`,
 1 AS `max_latency`,
 1 AS `lock_latency`,
 1 AS `rows_sent`,
 1 AS `rows_examined`,
 1 AS `rows_affected`,
 1 AS `full_scans`*/;
SET character_set_client = @saved_cs_client;

--
-- Temporary view structure for view `x$user_summary_by_statement_type`
--

DROP TABLE IF EXISTS `x$user_summary_by_statement_type`;
/*!50001 DROP VIEW IF EXISTS `x$user_summary_by_statement_type`*/;
SET @saved_cs_client     = @@character_set_client;
/*!50503 SET character_set_client = utf8mb4 */;
/*!50001 CREATE VIEW `x$user_summary_by_statement_type` AS SELECT 
 1 AS `user`,
 1 AS `statement`,
 1 AS `total`,
 1 AS `total_latency`,
 1 AS `max_latency`,
 1 AS `lock_latency`,
 1 AS `rows_sent`,
 1 AS `rows_examined`,
 1 AS `rows_affected`,
 1 AS `full_scans`*/;
SET character_set_client = @saved_cs_client;

--
-- Temporary view structure for view `x$wait_classes_global_by_avg_latency`
--

DROP TABLE IF EXISTS `x$wait_classes_global_by_avg_latency`;
/*!50001 DROP VIEW IF EXISTS `x$wait_classes_global_by_avg_latency`*/;
SET @saved_cs_client     = @@character_set_client;
/*!50503 SET character_set_client = utf8mb4 */;
/*!50001 CREATE VIEW `x$wait_classes_global_by_avg_latency` AS SELECT 
 1 AS `event_class`,
 1 AS `total`,
 1 AS `total_latency`,
 1 AS `min_latency`,
 1 AS `avg_latency`,
 1 AS `max_latency`*/;
SET character_set_client = @saved_cs_client;

--
-- Temporary view structure for view `x$wait_classes_global_by_latency`
--

DROP TABLE IF EXISTS `x$wait_classes_global_by_latency`;
/*!50001 DROP VIEW IF EXISTS `x$wait_classes_global_by_latency`*/;
SET @saved_cs_client     = @@character_set_client;
/*!50503 SET character_set_client = utf8mb4 */;
/*!50001 CREATE VIEW `x$wait_classes_global_by_latency` AS SELECT 
 1 AS `event_class`,
 1 AS `total`,
 1 AS `total_latency`,
 1 AS `min_latency`,
 1 AS `avg_latency`,
 1 AS `max_latency`*/;
SET character_set_client = @saved_cs_client;

--
-- Temporary view structure for view `x$waits_by_host_by_latency`
--

DROP TABLE IF EXISTS `x$waits_by_host_by_latency`;
/*!50001 DROP VIEW IF EXISTS `x$waits_by_host_by_latency`*/;
SET @saved_cs_client     = @@character_set_client;
/*!50503 SET character_set_client = utf8mb4 */;
/*!50001 CREATE VIEW `x$waits_by_host_by_latency` AS SELECT 
 1 AS `host`,
 1 AS `event`,
 1 AS `total`,
 1 AS `total_latency`,
 1 AS `avg_latency`,
 1 AS `max_latency`*/;
SET character_set_client = @saved_cs_client;

--
-- Temporary view structure for view `x$waits_by_user_by_latency`
--

DROP TABLE IF EXISTS `x$waits_by_user_by_latency`;
/*!50001 DROP VIEW IF EXISTS `x$waits_by_user_by_latency`*/;
SET @saved_cs_client     = @@character_set_client;
/*!50503 SET character_set_client = utf8mb4 */;
/*!50001 CREATE VIEW `x$waits_by_user_by_latency` AS SELECT 
 1 AS `user`,
 1 AS `event`,
 1 AS `total`,
 1 AS `total_latency`,
 1 AS `avg_latency`,
 1 AS `max_latency`*/;
SET character_set_client = @saved_cs_client;

--
-- Temporary view structure for view `x$waits_global_by_latency`
--

DROP TABLE IF EXISTS `x$waits_global_by_latency`;
/*!50001 DROP VIEW IF EXISTS `x$waits_global_by_latency`*/;
SET @saved_cs_client     = @@character_set_client;
/*!50503 SET character_set_client = utf8mb4 */;
/*!50001 CREATE VIEW `x$waits_global_by_latency` AS SELECT 
 1 AS `events`,
 1 AS `total`,
 1 AS `total_latency`,
 1 AS `avg_latency`,
 1 AS `max_latency`*/;
SET character_set_client = @saved_cs_client;

--
-- Final view structure for view `host_summary`
--

/*!50001 DROP VIEW IF EXISTS `host_summary`*/;
/*!50001 SET @saved_cs_client          = @@character_set_client */;
/*!50001 SET @saved_cs_results         = @@character_set_results */;
/*!50001 SET @saved_col_connection     = @@collation_connection */;
/*!50001 SET character_set_client      = utf8mb4 */;
/*!50001 SET character_set_results     = utf8mb4 */;
/*!50001 SET collation_connection      = utf8mb4_0900_ai_ci */;
/*!50001 CREATE ALGORITHM=TEMPTABLE */
/*!50013 DEFINER=`mysql.sys`@`localhost` SQL SECURITY INVOKER */
/*!50001 VIEW `host_summary` (`host`,`statements`,`statement_latency`,`statement_avg_latency`,`table_scans`,`file_ios`,`file_io_latency`,`current_connections`,`total_connections`,`unique_users`,`current_memory`,`total_memory_allocated`) AS select if((`performance_schema`.`accounts`.`HOST` is null),'background',`performance_schema`.`accounts`.`HOST`) AS `host`,sum(`stmt`.`total`) AS `statements`,format_pico_time(sum(`stmt`.`total_latency`)) AS `statement_latency`,format_pico_time(ifnull((sum(`stmt`.`total_latency`) / nullif(sum(`stmt`.`total`),0)),0)) AS `statement_avg_latency`,sum(`stmt`.`full_scans`) AS `table_scans`,sum(`io`.`ios`) AS `file_ios`,format_pico_time(sum(`io`.`io_latency`)) AS `file_io_latency`,sum(`performance_schema`.`accounts`.`CURRENT_CONNECTIONS`) AS `current_connections`,sum(`performance_schema`.`accounts`.`TOTAL_CONNECTIONS`) AS `total_connections`,count(distinct `performance_schema`.`accounts`.`USER`) AS `unique_users`,format_bytes(sum(`mem`.`current_allocated`)) AS `current_memory`,format_bytes(sum(`mem`.`total_allocated`)) AS `total_memory_allocated` from (((`performance_schema`.`accounts` join `x$host_summary_by_statement_latency` `stmt` on((`performance_schema`.`accounts`.`HOST` = `stmt`.`host`))) join `x$host_summary_by_file_io` `io` on((`performance_schema`.`accounts`.`HOST` = `io`.`host`))) join `x$memory_by_host_by_current_bytes` `mem` on((`performance_schema`.`accounts`.`HOST` = `mem`.`host`))) group by if((`performance_schema`.`accounts`.`HOST` is null),'background',`performance_schema`.`accounts`.`HOST`) */;
/*!50001 SET character_set_client      = @saved_cs_client */;
/*!50001 SET character_set_results     = @saved_cs_results */;
/*!50001 SET collation_connection      = @saved_col_connection */;

--
-- Final view structure for view `host_summary_by_file_io`
--

/*!50001 DROP VIEW IF EXISTS `host_summary_by_file_io`*/;
/*!50001 SET @saved_cs_client          = @@character_set_client */;
/*!50001 SET @saved_cs_results         = @@character_set_results */;
/*!50001 SET @saved_col_connection     = @@collation_connection */;
/*!50001 SET character_set_client      = utf8mb4 */;
/*!50001 SET character_set_results     = utf8mb4 */;
/*!50001 SET collation_connection      = utf8mb4_0900_ai_ci */;
/*!50001 CREATE ALGORITHM=TEMPTABLE */
/*!50013 DEFINER=`mysql.sys`@`localhost` SQL SECURITY INVOKER */
/*!50001 VIEW `host_summary_by_file_io` (`host`,`ios`,`io_latency`) AS select if((`performance_schema`.`events_waits_summary_by_host_by_event_name`.`HOST` is null),'background',`performance_schema`.`events_waits_summary_by_host_by_event_name`.`HOST`) AS `host`,sum(`performance_schema`.`events_waits_summary_by_host_by_event_name`.`COUNT_STAR`) AS `ios`,format_pico_time(sum(`performance_schema`.`events_waits_summary_by_host_by_event_name`.`SUM_TIMER_WAIT`)) AS `io_latency` from `performance_schema`.`events_waits_summary_by_host_by_event_name` where (`performance_schema`.`events_waits_summary_by_host_by_event_name`.`EVENT_NAME` like 'wait/io/file/%') group by if((`performance_schema`.`events_waits_summary_by_host_by_event_name`.`HOST` is null),'background',`performance_schema`.`events_waits_summary_by_host_by_event_name`.`HOST`) order by sum(`performance_schema`.`events_waits_summary_by_host_by_event_name`.`SUM_TIMER_WAIT`) desc */;
/*!50001 SET character_set_client      = @saved_cs_client */;
/*!50001 SET character_set_results     = @saved_cs_results */;
/*!50001 SET collation_connection      = @saved_col_connection */;

--
-- Final view structure for view `host_summary_by_file_io_type`
--

/*!50001 DROP VIEW IF EXISTS `host_summary_by_file_io_type`*/;
/*!50001 SET @saved_cs_client          = @@character_set_client */;
/*!50001 SET @saved_cs_results         = @@character_set_results */;
/*!50001 SET @saved_col_connection     = @@collation_connection */;
/*!50001 SET character_set_client      = utf8mb4 */;
/*!50001 SET character_set_results     = utf8mb4 */;
/*!50001 SET collation_connection      = utf8mb4_0900_ai_ci */;
/*!50001 CREATE ALGORITHM=MERGE */
/*!50013 DEFINER=`mysql.sys`@`localhost` SQL SECURITY INVOKER */
/*!50001 VIEW `host_summary_by_file_io_type` (`host`,`event_name`,`total`,`total_latency`,`max_latency`) AS select if((`performance_schema`.`events_waits_summary_by_host_by_event_name`.`HOST` is null),'background',`performance_schema`.`events_waits_summary_by_host_by_event_name`.`HOST`) AS `host`,`performance_schema`.`events_waits_summary_by_host_by_event_name`.`EVENT_NAME` AS `event_name`,`performance_schema`.`events_waits_summary_by_host_by_event_name`.`COUNT_STAR` AS `total`,format_pico_time(`performance_schema`.`events_waits_summary_by_host_by_event_name`.`SUM_TIMER_WAIT`) AS `total_latency`,format_pico_time(`performance_schema`.`events_waits_summary_by_host_by_event_name`.`MAX_TIMER_WAIT`) AS `max_latency` from `performance_schema`.`events_waits_summary_by_host_by_event_name` where ((`performance_schema`.`events_waits_summary_by_host_by_event_name`.`EVENT_NAME` like 'wait/io/file%') and (`performance_schema`.`events_waits_summary_by_host_by_event_name`.`COUNT_STAR` > 0)) order by if((`performance_schema`.`events_waits_summary_by_host_by_event_name`.`HOST` is null),'background',`performance_schema`.`events_waits_summary_by_host_by_event_name`.`HOST`),`performance_schema`.`events_waits_summary_by_host_by_event_name`.`SUM_TIMER_WAIT` desc */;
/*!50001 SET character_set_client      = @saved_cs_client */;
/*!50001 SET character_set_results     = @saved_cs_results */;
/*!50001 SET collation_connection      = @saved_col_connection */;

--
-- Final view structure for view `host_summary_by_stages`
--

/*!50001 DROP VIEW IF EXISTS `host_summary_by_stages`*/;
/*!50001 SET @saved_cs_client          = @@character_set_client */;
/*!50001 SET @saved_cs_results         = @@character_set_results */;
/*!50001 SET @saved_col_connection     = @@collation_connection */;
/*!50001 SET character_set_client      = utf8mb4 */;
/*!50001 SET character_set_results     = utf8mb4 */;
/*!50001 SET collation_connection      = utf8mb4_0900_ai_ci */;
/*!50001 CREATE ALGORITHM=MERGE */
/*!50013 DEFINER=`mysql.sys`@`localhost` SQL SECURITY INVOKER */
/*!50001 VIEW `host_summary_by_stages` (`host`,`event_name`,`total`,`total_latency`,`avg_latency`) AS select if((`performance_schema`.`events_stages_summary_by_host_by_event_name`.`HOST` is null),'background',`performance_schema`.`events_stages_summary_by_host_by_event_name`.`HOST`) AS `host`,`performance_schema`.`events_stages_summary_by_host_by_event_name`.`EVENT_NAME` AS `event_name`,`performance_schema`.`events_stages_summary_by_host_by_event_name`.`COUNT_STAR` AS `total`,format_pico_time(`performance_schema`.`events_stages_summary_by_host_by_event_name`.`SUM_TIMER_WAIT`) AS `total_latency`,format_pico_time(`performance_schema`.`events_stages_summary_by_host_by_event_name`.`AVG_TIMER_WAIT`) AS `avg_latency` from `performance_schema`.`events_stages_summary_by_host_by_event_name` where (`performance_schema`.`events_stages_summary_by_host_by_event_name`.`SUM_TIMER_WAIT` <> 0) order by if((`performance_schema`.`events_stages_summary_by_host_by_event_name`.`HOST` is null),'background',`performance_schema`.`events_stages_summary_by_host_by_event_name`.`HOST`),`performance_schema`.`events_stages_summary_by_host_by_event_name`.`SUM_TIMER_WAIT` desc */;
/*!50001 SET character_set_client      = @saved_cs_client */;
/*!50001 SET character_set_results     = @saved_cs_results */;
/*!50001 SET collation_connection      = @saved_col_connection */;

--
-- Final view structure for view `host_summary_by_statement_latency`
--

/*!50001 DROP VIEW IF EXISTS `host_summary_by_statement_latency`*/;
/*!50001 SET @saved_cs_client          = @@character_set_client */;
/*!50001 SET @saved_cs_results         = @@character_set_results */;
/*!50001 SET @saved_col_connection     = @@collation_connection */;
/*!50001 SET character_set_client      = utf8mb4 */;
/*!50001 SET character_set_results     = utf8mb4 */;
/*!50001 SET collation_connection      = utf8mb4_0900_ai_ci */;
/*!50001 CREATE ALGORITHM=TEMPTABLE */
/*!50013 DEFINER=`mysql.sys`@`localhost` SQL SECURITY INVOKER */
/*!50001 VIEW `host_summary_by_statement_latency` (`host`,`total`,`total_latency`,`max_latency`,`lock_latency`,`rows_sent`,`rows_examined`,`rows_affected`,`full_scans`) AS select if((`performance_schema`.`events_statements_summary_by_host_by_event_name`.`HOST` is null),'background',`performance_schema`.`events_statements_summary_by_host_by_event_name`.`HOST`) AS `host`,sum(`performance_schema`.`events_statements_summary_by_host_by_event_name`.`COUNT_STAR`) AS `total`,format_pico_time(sum(`performance_schema`.`events_statements_summary_by_host_by_event_name`.`SUM_TIMER_WAIT`)) AS `total_latency`,format_pico_time(max(`performance_schema`.`events_statements_summary_by_host_by_event_name`.`MAX_TIMER_WAIT`)) AS `max_latency`,format_pico_time(sum(`performance_schema`.`events_statements_summary_by_host_by_event_name`.`SUM_LOCK_TIME`)) AS `lock_latency`,sum(`performance_schema`.`events_statements_summary_by_host_by_event_name`.`SUM_ROWS_SENT`) AS `rows_sent`,sum(`performance_schema`.`events_statements_summary_by_host_by_event_name`.`SUM_ROWS_EXAMINED`) AS `rows_examined`,sum(`performance_schema`.`events_statements_summary_by_host_by_event_name`.`SUM_ROWS_AFFECTED`) AS `rows_affected`,(sum(`performance_schema`.`events_statements_summary_by_host_by_event_name`.`SUM_NO_INDEX_USED`) + sum(`performance_schema`.`events_statements_summary_by_host_by_event_name`.`SUM_NO_GOOD_INDEX_USED`)) AS `full_scans` from `performance_schema`.`events_statements_summary_by_host_by_event_name` group by if((`performance_schema`.`events_statements_summary_by_host_by_event_name`.`HOST` is null),'background',`performance_schema`.`events_statements_summary_by_host_by_event_name`.`HOST`) order by sum(`performance_schema`.`events_statements_summary_by_host_by_event_name`.`SUM_TIMER_WAIT`) desc */;
/*!50001 SET character_set_client      = @saved_cs_client */;
/*!50001 SET character_set_results     = @saved_cs_results */;
/*!50001 SET collation_connection      = @saved_col_connection */;

--
-- Final view structure for view `host_summary_by_statement_type`
--

/*!50001 DROP VIEW IF EXISTS `host_summary_by_statement_type`*/;
/*!50001 SET @saved_cs_client          = @@character_set_client */;
/*!50001 SET @saved_cs_results         = @@character_set_results */;
/*!50001 SET @saved_col_connection     = @@collation_connection */;
/*!50001 SET character_set_client      = utf8mb4 */;
/*!50001 SET character_set_results     = utf8mb4 */;
/*!50001 SET collation_connection      = utf8mb4_0900_ai_ci */;
/*!50001 CREATE ALGORITHM=MERGE */
/*!50013 DEFINER=`mysql.sys`@`localhost` SQL SECURITY INVOKER */
/*!50001 VIEW `host_summary_by_statement_type` (`host`,`statement`,`total`,`total_latency`,`max_latency`,`lock_latency`,`rows_sent`,`rows_examined`,`rows_affected`,`full_scans`) AS select if((`performance_schema`.`events_statements_summary_by_host_by_event_name`.`HOST` is null),'background',`performance_schema`.`events_statements_summary_by_host_by_event_name`.`HOST`) AS `host`,substring_index(`performance_schema`.`events_statements_summary_by_host_by_event_name`.`EVENT_NAME`,'/',-(1)) AS `statement`,`performance_schema`.`events_statements_summary_by_host_by_event_name`.`COUNT_STAR` AS `total`,format_pico_time(`performance_schema`.`events_statements_summary_by_host_by_event_name`.`SUM_TIMER_WAIT`) AS `total_latency`,format_pico_time(`performance_schema`.`events_statements_summary_by_host_by_event_name`.`MAX_TIMER_WAIT`) AS `max_latency`,format_pico_time(`performance_schema`.`events_statements_summary_by_host_by_event_name`.`SUM_LOCK_TIME`) AS `lock_latency`,`performance_schema`.`events_statements_summary_by_host_by_event_name`.`SUM_ROWS_SENT` AS `rows_sent`,`performance_schema`.`events_statements_summary_by_host_by_event_name`.`SUM_ROWS_EXAMINED` AS `rows_examined`,`performance_schema`.`events_statements_summary_by_host_by_event_name`.`SUM_ROWS_AFFECTED` AS `rows_affected`,(`performance_schema`.`events_statements_summary_by_host_by_event_name`.`SUM_NO_INDEX_USED` + `performance_schema`.`events_statements_summary_by_host_by_event_name`.`SUM_NO_GOOD_INDEX_USED`) AS `full_scans` from `performance_schema`.`events_statements_summary_by_host_by_event_name` where (`performance_schema`.`events_statements_summary_by_host_by_event_name`.`SUM_TIMER_WAIT` <> 0) order by if((`performance_schema`.`events_statements_summary_by_host_by_event_name`.`HOST` is null),'background',`performance_schema`.`events_statements_summary_by_host_by_event_name`.`HOST`),`performance_schema`.`events_statements_summary_by_host_by_event_name`.`SUM_TIMER_WAIT` desc */;
/*!50001 SET character_set_client      = @saved_cs_client */;
/*!50001 SET character_set_results     = @saved_cs_results */;
/*!50001 SET collation_connection      = @saved_col_connection */;

--
-- Final view structure for view `innodb_buffer_stats_by_schema`
--

/*!50001 DROP VIEW IF EXISTS `innodb_buffer_stats_by_schema`*/;
/*!50001 SET @saved_cs_client          = @@character_set_client */;
/*!50001 SET @saved_cs_results         = @@character_set_results */;
/*!50001 SET @saved_col_connection     = @@collation_connection */;
/*!50001 SET character_set_client      = utf8mb4 */;
/*!50001 SET character_set_results     = utf8mb4 */;
/*!50001 SET collation_connection      = utf8mb4_0900_ai_ci */;
/*!50001 CREATE ALGORITHM=TEMPTABLE */
/*!50013 DEFINER=`mysql.sys`@`localhost` SQL SECURITY INVOKER */
/*!50001 VIEW `innodb_buffer_stats_by_schema` (`object_schema`,`allocated`,`data`,`pages`,`pages_hashed`,`pages_old`,`rows_cached`) AS select if((locate('.',`ibp`.`TABLE_NAME`) = 0),'InnoDB System',replace(substring_index(`ibp`.`TABLE_NAME`,'.',1),'`','')) AS `object_schema`,format_bytes(sum(if((`ibp`.`COMPRESSED_SIZE` = 0),16384,`ibp`.`COMPRESSED_SIZE`))) AS `allocated`,format_bytes(sum(`ibp`.`DATA_SIZE`)) AS `data`,count(`ibp`.`PAGE_NUMBER`) AS `pages`,count(if((`ibp`.`IS_HASHED` = 'YES'),1,NULL)) AS `pages_hashed`,count(if((`ibp`.`IS_OLD` = 'YES'),1,NULL)) AS `pages_old`,round((sum(`ibp`.`NUMBER_RECORDS`) / count(distinct `ibp`.`INDEX_NAME`)),0) AS `rows_cached` from `information_schema`.`INNODB_BUFFER_PAGE` `ibp` where (`ibp`.`TABLE_NAME` is not null) group by `object_schema` order by sum(if((`ibp`.`COMPRESSED_SIZE` = 0),16384,`ibp`.`COMPRESSED_SIZE`)) desc */;
/*!50001 SET character_set_client      = @saved_cs_client */;
/*!50001 SET character_set_results     = @saved_cs_results */;
/*!50001 SET collation_connection      = @saved_col_connection */;

--
-- Final view structure for view `innodb_buffer_stats_by_table`
--

/*!50001 DROP VIEW IF EXISTS `innodb_buffer_stats_by_table`*/;
/*!50001 SET @saved_cs_client          = @@character_set_client */;
/*!50001 SET @saved_cs_results         = @@character_set_results */;
/*!50001 SET @saved_col_connection     = @@collation_connection */;
/*!50001 SET character_set_client      = utf8mb4 */;
/*!50001 SET character_set_results     = utf8mb4 */;
/*!50001 SET collation_connection      = utf8mb4_0900_ai_ci */;
/*!50001 CREATE ALGORITHM=TEMPTABLE */
/*!50013 DEFINER=`mysql.sys`@`localhost` SQL SECURITY INVOKER */
/*!50001 VIEW `innodb_buffer_stats_by_table` (`object_schema`,`object_name`,`allocated`,`data`,`pages`,`pages_hashed`,`pages_old`,`rows_cached`) AS select if((locate('.',`ibp`.`TABLE_NAME`) = 0),'InnoDB System',replace(substring_index(`ibp`.`TABLE_NAME`,'.',1),'`','')) AS `object_schema`,replace(substring_index(`ibp`.`TABLE_NAME`,'.',-(1)),'`','') AS `object_name`,format_bytes(sum(if((`ibp`.`COMPRESSED_SIZE` = 0),16384,`ibp`.`COMPRESSED_SIZE`))) AS `allocated`,format_bytes(sum(`ibp`.`DATA_SIZE`)) AS `data`,count(`ibp`.`PAGE_NUMBER`) AS `pages`,count(if((`ibp`.`IS_HASHED` = 'YES'),1,NULL)) AS `pages_hashed`,count(if((`ibp`.`IS_OLD` = 'YES'),1,NULL)) AS `pages_old`,round((sum(`ibp`.`NUMBER_RECORDS`) / count(distinct `ibp`.`INDEX_NAME`)),0) AS `rows_cached` from `information_schema`.`INNODB_BUFFER_PAGE` `ibp` where (`ibp`.`TABLE_NAME` is not null) group by `object_schema`,`object_name` order by sum(if((`ibp`.`COMPRESSED_SIZE` = 0),16384,`ibp`.`COMPRESSED_SIZE`)) desc */;
/*!50001 SET character_set_client      = @saved_cs_client */;
/*!50001 SET character_set_results     = @saved_cs_results */;
/*!50001 SET collation_connection      = @saved_col_connection */;

--
-- Final view structure for view `innodb_lock_waits`
--

/*!50001 DROP VIEW IF EXISTS `innodb_lock_waits`*/;
/*!50001 SET @saved_cs_client          = @@character_set_client */;
/*!50001 SET @saved_cs_results         = @@character_set_results */;
/*!50001 SET @saved_col_connection     = @@collation_connection */;
/*!50001 SET character_set_client      = utf8mb4 */;
/*!50001 SET character_set_results     = utf8mb4 */;
/*!50001 SET collation_connection      = utf8mb4_0900_ai_ci */;
/*!50001 CREATE ALGORITHM=TEMPTABLE */
/*!50013 DEFINER=`mysql.sys`@`localhost` SQL SECURITY INVOKER */
/*!50001 VIEW `innodb_lock_waits` (`wait_started`,`wait_age`,`wait_age_secs`,`locked_table`,`locked_table_schema`,`locked_table_name`,`locked_table_partition`,`locked_table_subpartition`,`locked_index`,`locked_type`,`waiting_trx_id`,`waiting_trx_started`,`waiting_trx_age`,`waiting_trx_rows_locked`,`waiting_trx_rows_modified`,`waiting_pid`,`waiting_query`,`waiting_lock_id`,`waiting_lock_mode`,`blocking_trx_id`,`blocking_pid`,`blocking_query`,`blocking_lock_id`,`blocking_lock_mode`,`blocking_trx_started`,`blocking_trx_age`,`blocking_trx_rows_locked`,`blocking_trx_rows_modified`,`sql_kill_blocking_query`,`sql_kill_blocking_connection`) AS select `r`.`trx_wait_started` AS `wait_started`,timediff(now(),`r`.`trx_wait_started`) AS `wait_age`,timestampdiff(SECOND,`r`.`trx_wait_started`,now()) AS `wait_age_secs`,concat(`sys`.`quote_identifier`(`rl`.`OBJECT_SCHEMA`),'.',`sys`.`quote_identifier`(`rl`.`OBJECT_NAME`)) AS `locked_table`,`rl`.`OBJECT_SCHEMA` AS `locked_table_schema`,`rl`.`OBJECT_NAME` AS `locked_table_name`,`rl`.`PARTITION_NAME` AS `locked_table_partition`,`rl`.`SUBPARTITION_NAME` AS `locked_table_subpartition`,`rl`.`INDEX_NAME` AS `locked_index`,`rl`.`LOCK_TYPE` AS `locked_type`,`r`.`trx_id` AS `waiting_trx_id`,`r`.`trx_started` AS `waiting_trx_started`,timediff(now(),`r`.`trx_started`) AS `waiting_trx_age`,`r`.`trx_rows_locked` AS `waiting_trx_rows_locked`,`r`.`trx_rows_modified` AS `waiting_trx_rows_modified`,`r`.`trx_mysql_thread_id` AS `waiting_pid`,`sys`.`format_statement`(`r`.`trx_query`) AS `waiting_query`,`rl`.`ENGINE_LOCK_ID` AS `waiting_lock_id`,`rl`.`LOCK_MODE` AS `waiting_lock_mode`,`b`.`trx_id` AS `blocking_trx_id`,`b`.`trx_mysql_thread_id` AS `blocking_pid`,`sys`.`format_statement`(`b`.`trx_query`) AS `blocking_query`,`bl`.`ENGINE_LOCK_ID` AS `blocking_lock_id`,`bl`.`LOCK_MODE` AS `blocking_lock_mode`,`b`.`trx_started` AS `blocking_trx_started`,timediff(now(),`b`.`trx_started`) AS `blocking_trx_age`,`b`.`trx_rows_locked` AS `blocking_trx_rows_locked`,`b`.`trx_rows_modified` AS `blocking_trx_rows_modified`,concat('KILL QUERY ',`b`.`trx_mysql_thread_id`) AS `sql_kill_blocking_query`,concat('KILL ',`b`.`trx_mysql_thread_id`) AS `sql_kill_blocking_connection` from ((((`performance_schema`.`data_lock_waits` `w` join `information_schema`.`INNODB_TRX` `b` on((`b`.`trx_id` = cast(`w`.`BLOCKING_ENGINE_TRANSACTION_ID` as char charset utf8mb4)))) join `information_schema`.`INNODB_TRX` `r` on((`r`.`trx_id` = cast(`w`.`REQUESTING_ENGINE_TRANSACTION_ID` as char charset utf8mb4)))) join `performance_schema`.`data_locks` `bl` on((`bl`.`ENGINE_LOCK_ID` = `w`.`BLOCKING_ENGINE_LOCK_ID`))) join `performance_schema`.`data_locks` `rl` on((`rl`.`ENGINE_LOCK_ID` = `w`.`REQUESTING_ENGINE_LOCK_ID`))) order by `r`.`trx_wait_started` */;
/*!50001 SET character_set_client      = @saved_cs_client */;
/*!50001 SET character_set_results     = @saved_cs_results */;
/*!50001 SET collation_connection      = @saved_col_connection */;

--
-- Final view structure for view `io_by_thread_by_latency`
--

/*!50001 DROP VIEW IF EXISTS `io_by_thread_by_latency`*/;
/*!50001 SET @saved_cs_client          = @@character_set_client */;
/*!50001 SET @saved_cs_results         = @@character_set_results */;
/*!50001 SET @saved_col_connection     = @@collation_connection */;
/*!50001 SET character_set_client      = utf8mb4 */;
/*!50001 SET character_set_results     = utf8mb4 */;
/*!50001 SET collation_connection      = utf8mb4_0900_ai_ci */;
/*!50001 CREATE ALGORITHM=TEMPTABLE */
/*!50013 DEFINER=`mysql.sys`@`localhost` SQL SECURITY INVOKER */
/*!50001 VIEW `io_by_thread_by_latency` (`user`,`total`,`total_latency`,`min_latency`,`avg_latency`,`max_latency`,`thread_id`,`processlist_id`) AS select if((`performance_schema`.`threads`.`PROCESSLIST_ID` is null),substring_index(`performance_schema`.`threads`.`NAME`,'/',-(1)),concat(`performance_schema`.`threads`.`PROCESSLIST_USER`,'@',convert(`performance_schema`.`threads`.`PROCESSLIST_HOST` using utf8mb4))) AS `user`,sum(`performance_schema`.`events_waits_summary_by_thread_by_event_name`.`COUNT_STAR`) AS `total`,format_pico_time(sum(`performance_schema`.`events_waits_summary_by_thread_by_event_name`.`SUM_TIMER_WAIT`)) AS `total_latency`,format_pico_time(min(`performance_schema`.`events_waits_summary_by_thread_by_event_name`.`MIN_TIMER_WAIT`)) AS `min_latency`,format_pico_time(avg(`performance_schema`.`events_waits_summary_by_thread_by_event_name`.`AVG_TIMER_WAIT`)) AS `avg_latency`,format_pico_time(max(`performance_schema`.`events_waits_summary_by_thread_by_event_name`.`MAX_TIMER_WAIT`)) AS `max_latency`,`performance_schema`.`events_waits_summary_by_thread_by_event_name`.`THREAD_ID` AS `thread_id`,`performance_schema`.`threads`.`PROCESSLIST_ID` AS `processlist_id` from (`performance_schema`.`events_waits_summary_by_thread_by_event_name` left join `performance_schema`.`threads` on((`performance_schema`.`events_waits_summary_by_thread_by_event_name`.`THREAD_ID` = `performance_schema`.`threads`.`THREAD_ID`))) where ((`performance_schema`.`events_waits_summary_by_thread_by_event_name`.`EVENT_NAME` like 'wait/io/file/%') and (`performance_schema`.`events_waits_summary_by_thread_by_event_name`.`SUM_TIMER_WAIT` > 0)) group by `performance_schema`.`events_waits_summary_by_thread_by_event_name`.`THREAD_ID`,`performance_schema`.`threads`.`PROCESSLIST_ID`,`user` order by sum(`performance_schema`.`events_waits_summary_by_thread_by_event_name`.`SUM_TIMER_WAIT`) desc */;
/*!50001 SET character_set_client      = @saved_cs_client */;
/*!50001 SET character_set_results     = @saved_cs_results */;
/*!50001 SET collation_connection      = @saved_col_connection */;

--
-- Final view structure for view `io_global_by_file_by_bytes`
--

/*!50001 DROP VIEW IF EXISTS `io_global_by_file_by_bytes`*/;
/*!50001 SET @saved_cs_client          = @@character_set_client */;
/*!50001 SET @saved_cs_results         = @@character_set_results */;
/*!50001 SET @saved_col_connection     = @@collation_connection */;
/*!50001 SET character_set_client      = utf8mb4 */;
/*!50001 SET character_set_results     = utf8mb4 */;
/*!50001 SET collation_connection      = utf8mb4_0900_ai_ci */;
/*!50001 CREATE ALGORITHM=MERGE */
/*!50013 DEFINER=`mysql.sys`@`localhost` SQL SECURITY INVOKER */
/*!50001 VIEW `io_global_by_file_by_bytes` (`file`,`count_read`,`total_read`,`avg_read`,`count_write`,`total_written`,`avg_write`,`total`,`write_pct`) AS select `sys`.`format_path`(`performance_schema`.`file_summary_by_instance`.`FILE_NAME`) AS `file`,`performance_schema`.`file_summary_by_instance`.`COUNT_READ` AS `count_read`,format_bytes(`performance_schema`.`file_summary_by_instance`.`SUM_NUMBER_OF_BYTES_READ`) AS `total_read`,format_bytes(ifnull((`performance_schema`.`file_summary_by_instance`.`SUM_NUMBER_OF_BYTES_READ` / nullif(`performance_schema`.`file_summary_by_instance`.`COUNT_READ`,0)),0)) AS `avg_read`,`performance_schema`.`file_summary_by_instance`.`COUNT_WRITE` AS `count_write`,format_bytes(`performance_schema`.`file_summary_by_instance`.`SUM_NUMBER_OF_BYTES_WRITE`) AS `total_written`,format_bytes(ifnull((`performance_schema`.`file_summary_by_instance`.`SUM_NUMBER_OF_BYTES_WRITE` / nullif(`performance_schema`.`file_summary_by_instance`.`COUNT_WRITE`,0)),0.00)) AS `avg_write`,format_bytes((`performance_schema`.`file_summary_by_instance`.`SUM_NUMBER_OF_BYTES_READ` + `performance_schema`.`file_summary_by_instance`.`SUM_NUMBER_OF_BYTES_WRITE`)) AS `total`,ifnull(round((100 - ((`performance_schema`.`file_summary_by_instance`.`SUM_NUMBER_OF_BYTES_READ` / nullif((`performance_schema`.`file_summary_by_instance`.`SUM_NUMBER_OF_BYTES_READ` + `performance_schema`.`file_summary_by_instance`.`SUM_NUMBER_OF_BYTES_WRITE`),0)) * 100)),2),0.00) AS `write_pct` from `performance_schema`.`file_summary_by_instance` order by (`performance_schema`.`file_summary_by_instance`.`SUM_NUMBER_OF_BYTES_READ` + `performance_schema`.`file_summary_by_instance`.`SUM_NUMBER_OF_BYTES_WRITE`) desc */;
/*!50001 SET character_set_client      = @saved_cs_client */;
/*!50001 SET character_set_results     = @saved_cs_results */;
/*!50001 SET collation_connection      = @saved_col_connection */;

--
-- Final view structure for view `io_global_by_file_by_latency`
--

/*!50001 DROP VIEW IF EXISTS `io_global_by_file_by_latency`*/;
/*!50001 SET @saved_cs_client          = @@character_set_client */;
/*!50001 SET @saved_cs_results         = @@character_set_results */;
/*!50001 SET @saved_col_connection     = @@collation_connection */;
/*!50001 SET character_set_client      = utf8mb4 */;
/*!50001 SET character_set_results     = utf8mb4 */;
/*!50001 SET collation_connection      = utf8mb4_0900_ai_ci */;
/*!50001 CREATE ALGORITHM=MERGE */
/*!50013 DEFINER=`mysql.sys`@`localhost` SQL SECURITY INVOKER */
/*!50001 VIEW `io_global_by_file_by_latency` (`file`,`total`,`total_latency`,`count_read`,`read_latency`,`count_write`,`write_latency`,`count_misc`,`misc_latency`) AS select `sys`.`format_path`(`performance_schema`.`file_summary_by_instance`.`FILE_NAME`) AS `file`,`performance_schema`.`file_summary_by_instance`.`COUNT_STAR` AS `total`,format_pico_time(`performance_schema`.`file_summary_by_instance`.`SUM_TIMER_WAIT`) AS `total_latency`,`performance_schema`.`file_summary_by_instance`.`COUNT_READ` AS `count_read`,format_pico_time(`performance_schema`.`file_summary_by_instance`.`SUM_TIMER_READ`) AS `read_latency`,`performance_schema`.`file_summary_by_instance`.`COUNT_WRITE` AS `count_write`,format_pico_time(`performance_schema`.`file_summary_by_instance`.`SUM_TIMER_WRITE`) AS `write_latency`,`performance_schema`.`file_summary_by_instance`.`COUNT_MISC` AS `count_misc`,format_pico_time(`performance_schema`.`file_summary_by_instance`.`SUM_TIMER_MISC`) AS `misc_latency` from `performance_schema`.`file_summary_by_instance` order by `performance_schema`.`file_summary_by_instance`.`SUM_TIMER_WAIT` desc */;
/*!50001 SET character_set_client      = @saved_cs_client */;
/*!50001 SET character_set_results     = @saved_cs_results */;
/*!50001 SET collation_connection      = @saved_col_connection */;

--
-- Final view structure for view `io_global_by_wait_by_bytes`
--

/*!50001 DROP VIEW IF EXISTS `io_global_by_wait_by_bytes`*/;
/*!50001 SET @saved_cs_client          = @@character_set_client */;
/*!50001 SET @saved_cs_results         = @@character_set_results */;
/*!50001 SET @saved_col_connection     = @@collation_connection */;
/*!50001 SET character_set_client      = utf8mb4 */;
/*!50001 SET character_set_results     = utf8mb4 */;
/*!50001 SET collation_connection      = utf8mb4_0900_ai_ci */;
/*!50001 CREATE ALGORITHM=MERGE */
/*!50013 DEFINER=`mysql.sys`@`localhost` SQL SECURITY INVOKER */
/*!50001 VIEW `io_global_by_wait_by_bytes` (`event_name`,`total`,`total_latency`,`min_latency`,`avg_latency`,`max_latency`,`count_read`,`total_read`,`avg_read`,`count_write`,`total_written`,`avg_written`,`total_requested`) AS select substring_index(`performance_schema`.`file_summary_by_event_name`.`EVENT_NAME`,'/',-(2)) AS `event_name`,`performance_schema`.`file_summary_by_event_name`.`COUNT_STAR` AS `total`,format_pico_time(`performance_schema`.`file_summary_by_event_name`.`SUM_TIMER_WAIT`) AS `total_latency`,format_pico_time(`performance_schema`.`file_summary_by_event_name`.`MIN_TIMER_WAIT`) AS `min_latency`,format_pico_time(`performance_schema`.`file_summary_by_event_name`.`AVG_TIMER_WAIT`) AS `avg_latency`,format_pico_time(`performance_schema`.`file_summary_by_event_name`.`MAX_TIMER_WAIT`) AS `max_latency`,`performance_schema`.`file_summary_by_event_name`.`COUNT_READ` AS `count_read`,format_bytes(`performance_schema`.`file_summary_by_event_name`.`SUM_NUMBER_OF_BYTES_READ`) AS `total_read`,format_bytes(ifnull((`performance_schema`.`file_summary_by_event_name`.`SUM_NUMBER_OF_BYTES_READ` / nullif(`performance_schema`.`file_summary_by_event_name`.`COUNT_READ`,0)),0)) AS `avg_read`,`performance_schema`.`file_summary_by_event_name`.`COUNT_WRITE` AS `count_write`,format_bytes(`performance_schema`.`file_summary_by_event_name`.`SUM_NUMBER_OF_BYTES_WRITE`) AS `total_written`,format_bytes(ifnull((`performance_schema`.`file_summary_by_event_name`.`SUM_NUMBER_OF_BYTES_WRITE` / nullif(`performance_schema`.`file_summary_by_event_name`.`COUNT_WRITE`,0)),0)) AS `avg_written`,format_bytes((`performance_schema`.`file_summary_by_event_name`.`SUM_NUMBER_OF_BYTES_WRITE` + `performance_schema`.`file_summary_by_event_name`.`SUM_NUMBER_OF_BYTES_READ`)) AS `total_requested` from `performance_schema`.`file_summary_by_event_name` where ((`performance_schema`.`file_summary_by_event_name`.`EVENT_NAME` like 'wait/io/file/%') and (`performance_schema`.`file_summary_by_event_name`.`COUNT_STAR` > 0)) order by (`performance_schema`.`file_summary_by_event_name`.`SUM_NUMBER_OF_BYTES_WRITE` + `performance_schema`.`file_summary_by_event_name`.`SUM_NUMBER_OF_BYTES_READ`) desc */;
/*!50001 SET character_set_client      = @saved_cs_client */;
/*!50001 SET character_set_results     = @saved_cs_results */;
/*!50001 SET collation_connection      = @saved_col_connection */;

--
-- Final view structure for view `io_global_by_wait_by_latency`
--

/*!50001 DROP VIEW IF EXISTS `io_global_by_wait_by_latency`*/;
/*!50001 SET @saved_cs_client          = @@character_set_client */;
/*!50001 SET @saved_cs_results         = @@character_set_results */;
/*!50001 SET @saved_col_connection     = @@collation_connection */;
/*!50001 SET character_set_client      = utf8mb4 */;
/*!50001 SET character_set_results     = utf8mb4 */;
/*!50001 SET collation_connection      = utf8mb4_0900_ai_ci */;
/*!50001 CREATE ALGORITHM=MERGE */
/*!50013 DEFINER=`mysql.sys`@`localhost` SQL SECURITY INVOKER */
/*!50001 VIEW `io_global_by_wait_by_latency` (`event_name`,`total`,`total_latency`,`avg_latency`,`max_latency`,`read_latency`,`write_latency`,`misc_latency`,`count_read`,`total_read`,`avg_read`,`count_write`,`total_written`,`avg_written`) AS select substring_index(`performance_schema`.`file_summary_by_event_name`.`EVENT_NAME`,'/',-(2)) AS `event_name`,`performance_schema`.`file_summary_by_event_name`.`COUNT_STAR` AS `total`,format_pico_time(`performance_schema`.`file_summary_by_event_name`.`SUM_TIMER_WAIT`) AS `total_latency`,format_pico_time(`performance_schema`.`file_summary_by_event_name`.`AVG_TIMER_WAIT`) AS `avg_latency`,format_pico_time(`performance_schema`.`file_summary_by_event_name`.`MAX_TIMER_WAIT`) AS `max_latency`,format_pico_time(`performance_schema`.`file_summary_by_event_name`.`SUM_TIMER_READ`) AS `read_latency`,format_pico_time(`performance_schema`.`file_summary_by_event_name`.`SUM_TIMER_WRITE`) AS `write_latency`,format_pico_time(`performance_schema`.`file_summary_by_event_name`.`SUM_TIMER_MISC`) AS `misc_latency`,`performance_schema`.`file_summary_by_event_name`.`COUNT_READ` AS `count_read`,format_bytes(`performance_schema`.`file_summary_by_event_name`.`SUM_NUMBER_OF_BYTES_READ`) AS `total_read`,format_bytes(ifnull((`performance_schema`.`file_summary_by_event_name`.`SUM_NUMBER_OF_BYTES_READ` / nullif(`performance_schema`.`file_summary_by_event_name`.`COUNT_READ`,0)),0)) AS `avg_read`,`performance_schema`.`file_summary_by_event_name`.`COUNT_WRITE` AS `count_write`,format_bytes(`performance_schema`.`file_summary_by_event_name`.`SUM_NUMBER_OF_BYTES_WRITE`) AS `total_written`,format_bytes(ifnull((`performance_schema`.`file_summary_by_event_name`.`SUM_NUMBER_OF_BYTES_WRITE` / nullif(`performance_schema`.`file_summary_by_event_name`.`COUNT_WRITE`,0)),0)) AS `avg_written` from `performance_schema`.`file_summary_by_event_name` where ((`performance_schema`.`file_summary_by_event_name`.`EVENT_NAME` like 'wait/io/file/%') and (`performance_schema`.`file_summary_by_event_name`.`COUNT_STAR` > 0)) order by `performance_schema`.`file_summary_by_event_name`.`SUM_TIMER_WAIT` desc */;
/*!50001 SET character_set_client      = @saved_cs_client */;
/*!50001 SET character_set_results     = @saved_cs_results */;
/*!50001 SET collation_connection      = @saved_col_connection */;

--
-- Final view structure for view `latest_file_io`
--

/*!50001 DROP VIEW IF EXISTS `latest_file_io`*/;
/*!50001 SET @saved_cs_client          = @@character_set_client */;
/*!50001 SET @saved_cs_results         = @@character_set_results */;
/*!50001 SET @saved_col_connection     = @@collation_connection */;
/*!50001 SET character_set_client      = utf8mb4 */;
/*!50001 SET character_set_results     = utf8mb4 */;
/*!50001 SET collation_connection      = utf8mb4_0900_ai_ci */;
/*!50001 CREATE ALGORITHM=MERGE */
/*!50013 DEFINER=`mysql.sys`@`localhost` SQL SECURITY INVOKER */
/*!50001 VIEW `latest_file_io` (`thread`,`file`,`latency`,`operation`,`requested`) AS select if((`information_schema`.`processlist`.`ID` is null),concat(substring_index(`performance_schema`.`threads`.`NAME`,'/',-(1)),':',`performance_schema`.`events_waits_history_long`.`THREAD_ID`),convert(concat(`information_schema`.`processlist`.`USER`,'@',`information_schema`.`processlist`.`HOST`,':',`information_schema`.`processlist`.`ID`) using utf8mb4)) AS `thread`,`sys`.`format_path`(`performance_schema`.`events_waits_history_long`.`OBJECT_NAME`) AS `file`,format_pico_time(`performance_schema`.`events_waits_history_long`.`TIMER_WAIT`) AS `latency`,`performance_schema`.`events_waits_history_long`.`OPERATION` AS `operation`,format_bytes(`performance_schema`.`events_waits_history_long`.`NUMBER_OF_BYTES`) AS `requested` from ((`performance_schema`.`events_waits_history_long` join `performance_schema`.`threads` on((`performance_schema`.`events_waits_history_long`.`THREAD_ID` = `performance_schema`.`threads`.`THREAD_ID`))) left join `information_schema`.`PROCESSLIST` on((`performance_schema`.`threads`.`PROCESSLIST_ID` = `information_schema`.`processlist`.`ID`))) where ((`performance_schema`.`events_waits_history_long`.`OBJECT_NAME` is not null) and (`performance_schema`.`events_waits_history_long`.`EVENT_NAME` like 'wait/io/file/%')) order by `performance_schema`.`events_waits_history_long`.`TIMER_START` */;
/*!50001 SET character_set_client      = @saved_cs_client */;
/*!50001 SET character_set_results     = @saved_cs_results */;
/*!50001 SET collation_connection      = @saved_col_connection */;

--
-- Final view structure for view `memory_by_host_by_current_bytes`
--

/*!50001 DROP VIEW IF EXISTS `memory_by_host_by_current_bytes`*/;
/*!50001 SET @saved_cs_client          = @@character_set_client */;
/*!50001 SET @saved_cs_results         = @@character_set_results */;
/*!50001 SET @saved_col_connection     = @@collation_connection */;
/*!50001 SET character_set_client      = utf8mb4 */;
/*!50001 SET character_set_results     = utf8mb4 */;
/*!50001 SET collation_connection      = utf8mb4_0900_ai_ci */;
/*!50001 CREATE ALGORITHM=TEMPTABLE */
/*!50013 DEFINER=`mysql.sys`@`localhost` SQL SECURITY INVOKER */
/*!50001 VIEW `memory_by_host_by_current_bytes` (`host`,`current_count_used`,`current_allocated`,`current_avg_alloc`,`current_max_alloc`,`total_allocated`) AS select if((`performance_schema`.`memory_summary_by_host_by_event_name`.`HOST` is null),'background',`performance_schema`.`memory_summary_by_host_by_event_name`.`HOST`) AS `host`,sum(`performance_schema`.`memory_summary_by_host_by_event_name`.`CURRENT_COUNT_USED`) AS `current_count_used`,format_bytes(sum(`performance_schema`.`memory_summary_by_host_by_event_name`.`CURRENT_NUMBER_OF_BYTES_USED`)) AS `current_allocated`,format_bytes(ifnull((sum(`performance_schema`.`memory_summary_by_host_by_event_name`.`CURRENT_NUMBER_OF_BYTES_USED`) / nullif(sum(`performance_schema`.`memory_summary_by_host_by_event_name`.`CURRENT_COUNT_USED`),0)),0)) AS `current_avg_alloc`,format_bytes(max(`performance_schema`.`memory_summary_by_host_by_event_name`.`CURRENT_NUMBER_OF_BYTES_USED`)) AS `current_max_alloc`,format_bytes(sum(`performance_schema`.`memory_summary_by_host_by_event_name`.`SUM_NUMBER_OF_BYTES_ALLOC`)) AS `total_allocated` from `performance_schema`.`memory_summary_by_host_by_event_name` group by if((`performance_schema`.`memory_summary_by_host_by_event_name`.`HOST` is null),'background',`performance_schema`.`memory_summary_by_host_by_event_name`.`HOST`) order by sum(`performance_schema`.`memory_summary_by_host_by_event_name`.`CURRENT_NUMBER_OF_BYTES_USED`) desc */;
/*!50001 SET character_set_client      = @saved_cs_client */;
/*!50001 SET character_set_results     = @saved_cs_results */;
/*!50001 SET collation_connection      = @saved_col_connection */;

--
-- Final view structure for view `memory_by_thread_by_current_bytes`
--

/*!50001 DROP VIEW IF EXISTS `memory_by_thread_by_current_bytes`*/;
/*!50001 SET @saved_cs_client          = @@character_set_client */;
/*!50001 SET @saved_cs_results         = @@character_set_results */;
/*!50001 SET @saved_col_connection     = @@collation_connection */;
/*!50001 SET character_set_client      = utf8mb4 */;
/*!50001 SET character_set_results     = utf8mb4 */;
/*!50001 SET collation_connection      = utf8mb4_0900_ai_ci */;
/*!50001 CREATE ALGORITHM=TEMPTABLE */
/*!50013 DEFINER=`mysql.sys`@`localhost` SQL SECURITY INVOKER */
/*!50001 VIEW `memory_by_thread_by_current_bytes` (`thread_id`,`user`,`current_count_used`,`current_allocated`,`current_avg_alloc`,`current_max_alloc`,`total_allocated`) AS select `mt`.`THREAD_ID` AS `thread_id`,if((`t`.`NAME` = 'thread/sql/one_connection'),concat(`t`.`PROCESSLIST_USER`,'@',convert(`t`.`PROCESSLIST_HOST` using utf8mb4)),replace(`t`.`NAME`,'thread/','')) AS `user`,sum(`mt`.`CURRENT_COUNT_USED`) AS `current_count_used`,format_bytes(sum(`mt`.`CURRENT_NUMBER_OF_BYTES_USED`)) AS `current_allocated`,format_bytes(ifnull((sum(`mt`.`CURRENT_NUMBER_OF_BYTES_USED`) / nullif(sum(`mt`.`CURRENT_COUNT_USED`),0)),0)) AS `current_avg_alloc`,format_bytes(max(`mt`.`CURRENT_NUMBER_OF_BYTES_USED`)) AS `current_max_alloc`,format_bytes(sum(`mt`.`SUM_NUMBER_OF_BYTES_ALLOC`)) AS `total_allocated` from (`performance_schema`.`memory_summary_by_thread_by_event_name` `mt` join `performance_schema`.`threads` `t` on((`mt`.`THREAD_ID` = `t`.`THREAD_ID`))) group by `mt`.`THREAD_ID`,if((`t`.`NAME` = 'thread/sql/one_connection'),concat(`t`.`PROCESSLIST_USER`,'@',convert(`t`.`PROCESSLIST_HOST` using utf8mb4)),replace(`t`.`NAME`,'thread/','')) order by sum(`mt`.`CURRENT_NUMBER_OF_BYTES_USED`) desc */;
/*!50001 SET character_set_client      = @saved_cs_client */;
/*!50001 SET character_set_results     = @saved_cs_results */;
/*!50001 SET collation_connection      = @saved_col_connection */;

--
-- Final view structure for view `memory_by_user_by_current_bytes`
--

/*!50001 DROP VIEW IF EXISTS `memory_by_user_by_current_bytes`*/;
/*!50001 SET @saved_cs_client          = @@character_set_client */;
/*!50001 SET @saved_cs_results         = @@character_set_results */;
/*!50001 SET @saved_col_connection     = @@collation_connection */;
/*!50001 SET character_set_client      = utf8mb4 */;
/*!50001 SET character_set_results     = utf8mb4 */;
/*!50001 SET collation_connection      = utf8mb4_0900_ai_ci */;
/*!50001 CREATE ALGORITHM=TEMPTABLE */
/*!50013 DEFINER=`mysql.sys`@`localhost` SQL SECURITY INVOKER */
/*!50001 VIEW `memory_by_user_by_current_bytes` (`user`,`current_count_used`,`current_allocated`,`current_avg_alloc`,`current_max_alloc`,`total_allocated`) AS select if((`performance_schema`.`memory_summary_by_user_by_event_name`.`USER` is null),'background',`performance_schema`.`memory_summary_by_user_by_event_name`.`USER`) AS `user`,sum(`performance_schema`.`memory_summary_by_user_by_event_name`.`CURRENT_COUNT_USED`) AS `current_count_used`,format_bytes(sum(`performance_schema`.`memory_summary_by_user_by_event_name`.`CURRENT_NUMBER_OF_BYTES_USED`)) AS `current_allocated`,format_bytes(ifnull((sum(`performance_schema`.`memory_summary_by_user_by_event_name`.`CURRENT_NUMBER_OF_BYTES_USED`) / nullif(sum(`performance_schema`.`memory_summary_by_user_by_event_name`.`CURRENT_COUNT_USED`),0)),0)) AS `current_avg_alloc`,format_bytes(max(`performance_schema`.`memory_summary_by_user_by_event_name`.`CURRENT_NUMBER_OF_BYTES_USED`)) AS `current_max_alloc`,format_bytes(sum(`performance_schema`.`memory_summary_by_user_by_event_name`.`SUM_NUMBER_OF_BYTES_ALLOC`)) AS `total_allocated` from `performance_schema`.`memory_summary_by_user_by_event_name` group by if((`performance_schema`.`memory_summary_by_user_by_event_name`.`USER` is null),'background',`performance_schema`.`memory_summary_by_user_by_event_name`.`USER`) order by sum(`performance_schema`.`memory_summary_by_user_by_event_name`.`CURRENT_NUMBER_OF_BYTES_USED`) desc */;
/*!50001 SET character_set_client      = @saved_cs_client */;
/*!50001 SET character_set_results     = @saved_cs_results */;
/*!50001 SET collation_connection      = @saved_col_connection */;

--
-- Final view structure for view `memory_global_by_current_bytes`
--

/*!50001 DROP VIEW IF EXISTS `memory_global_by_current_bytes`*/;
/*!50001 SET @saved_cs_client          = @@character_set_client */;
/*!50001 SET @saved_cs_results         = @@character_set_results */;
/*!50001 SET @saved_col_connection     = @@collation_connection */;
/*!50001 SET character_set_client      = utf8mb4 */;
/*!50001 SET character_set_results     = utf8mb4 */;
/*!50001 SET collation_connection      = utf8mb4_0900_ai_ci */;
/*!50001 CREATE ALGORITHM=MERGE */
/*!50013 DEFINER=`mysql.sys`@`localhost` SQL SECURITY INVOKER */
/*!50001 VIEW `memory_global_by_current_bytes` (`event_name`,`current_count`,`current_alloc`,`current_avg_alloc`,`high_count`,`high_alloc`,`high_avg_alloc`) AS select `performance_schema`.`memory_summary_global_by_event_name`.`EVENT_NAME` AS `event_name`,`performance_schema`.`memory_summary_global_by_event_name`.`CURRENT_COUNT_USED` AS `current_count`,format_bytes(`performance_schema`.`memory_summary_global_by_event_name`.`CURRENT_NUMBER_OF_BYTES_USED`) AS `current_alloc`,format_bytes(ifnull((`performance_schema`.`memory_summary_global_by_event_name`.`CURRENT_NUMBER_OF_BYTES_USED` / nullif(`performance_schema`.`memory_summary_global_by_event_name`.`CURRENT_COUNT_USED`,0)),0)) AS `current_avg_alloc`,`performance_schema`.`memory_summary_global_by_event_name`.`HIGH_COUNT_USED` AS `high_count`,format_bytes(`performance_schema`.`memory_summary_global_by_event_name`.`HIGH_NUMBER_OF_BYTES_USED`) AS `high_alloc`,format_bytes(ifnull((`performance_schema`.`memory_summary_global_by_event_name`.`HIGH_NUMBER_OF_BYTES_USED` / nullif(`performance_schema`.`memory_summary_global_by_event_name`.`HIGH_COUNT_USED`,0)),0)) AS `high_avg_alloc` from `performance_schema`.`memory_summary_global_by_event_name` where (`performance_schema`.`memory_summary_global_by_event_name`.`CURRENT_NUMBER_OF_BYTES_USED` > 0) order by `performance_schema`.`memory_summary_global_by_event_name`.`CURRENT_NUMBER_OF_BYTES_USED` desc */;
/*!50001 SET character_set_client      = @saved_cs_client */;
/*!50001 SET character_set_results     = @saved_cs_results */;
/*!50001 SET collation_connection      = @saved_col_connection */;

--
-- Final view structure for view `memory_global_total`
--

/*!50001 DROP VIEW IF EXISTS `memory_global_total`*/;
/*!50001 SET @saved_cs_client          = @@character_set_client */;
/*!50001 SET @saved_cs_results         = @@character_set_results */;
/*!50001 SET @saved_col_connection     = @@collation_connection */;
/*!50001 SET character_set_client      = utf8mb4 */;
/*!50001 SET character_set_results     = utf8mb4 */;
/*!50001 SET collation_connection      = utf8mb4_0900_ai_ci */;
/*!50001 CREATE ALGORITHM=TEMPTABLE */
/*!50013 DEFINER=`mysql.sys`@`localhost` SQL SECURITY INVOKER */
/*!50001 VIEW `memory_global_total` (`total_allocated`) AS select format_bytes(sum(`performance_schema`.`memory_summary_global_by_event_name`.`CURRENT_NUMBER_OF_BYTES_USED`)) AS `total_allocated` from `performance_schema`.`memory_summary_global_by_event_name` */;
/*!50001 SET character_set_client      = @saved_cs_client */;
/*!50001 SET character_set_results     = @saved_cs_results */;
/*!50001 SET collation_connection      = @saved_col_connection */;

--
-- Final view structure for view `metrics`
--

/*!50001 DROP VIEW IF EXISTS `metrics`*/;
/*!50001 SET @saved_cs_client          = @@character_set_client */;
/*!50001 SET @saved_cs_results         = @@character_set_results */;
/*!50001 SET @saved_col_connection     = @@collation_connection */;
/*!50001 SET character_set_client      = utf8mb4 */;
/*!50001 SET character_set_results     = utf8mb4 */;
/*!50001 SET collation_connection      = utf8mb4_0900_ai_ci */;
/*!50001 CREATE ALGORITHM=TEMPTABLE */
/*!50013 DEFINER=`mysql.sys`@`localhost` SQL SECURITY INVOKER */
/*!50001 VIEW `metrics` (`Variable_name`,`Variable_value`,`Type`,`Enabled`) AS select lower(`performance_schema`.`global_status`.`VARIABLE_NAME`) AS `Variable_name`,`performance_schema`.`global_status`.`VARIABLE_VALUE` AS `Variable_value`,'Global Status' AS `Type`,'YES' AS `Enabled` from `performance_schema`.`global_status` union all select `information_schema`.`innodb_metrics`.`NAME` AS `Variable_name`,`information_schema`.`innodb_metrics`.`COUNT` AS `Variable_value`,concat('InnoDB Metrics - ',`information_schema`.`innodb_metrics`.`SUBSYSTEM`) AS `Type`,if((`information_schema`.`innodb_metrics`.`STATUS` = 'enabled'),'YES','NO') AS `Enabled` from `information_schema`.`INNODB_METRICS` where (`information_schema`.`innodb_metrics`.`NAME` not in ('lock_row_lock_time','lock_row_lock_time_avg','lock_row_lock_time_max','lock_row_lock_waits','buffer_pool_reads','buffer_pool_read_requests','buffer_pool_write_requests','buffer_pool_wait_free','buffer_pool_read_ahead','buffer_pool_read_ahead_evicted','buffer_pool_pages_total','buffer_pool_pages_misc','buffer_pool_pages_data','buffer_pool_bytes_data','buffer_pool_pages_dirty','buffer_pool_bytes_dirty','buffer_pool_pages_free','buffer_pages_created','buffer_pages_written','buffer_pages_read','buffer_data_reads','buffer_data_written','file_num_open_files','os_log_bytes_written','os_log_fsyncs','os_log_pending_fsyncs','os_log_pending_writes','log_waits','log_write_requests','log_writes','innodb_dblwr_writes','innodb_dblwr_pages_written','innodb_page_size')) union all select 'memory_current_allocated' AS `Variable_name`,sum(`performance_schema`.`memory_summary_global_by_event_name`.`CURRENT_NUMBER_OF_BYTES_USED`) AS `Variable_value`,'Performance Schema' AS `Type`,if(((select count(0) from `performance_schema`.`setup_instruments` where ((`performance_schema`.`setup_instruments`.`NAME` like 'memory/%') and (`performance_schema`.`setup_instruments`.`ENABLED` = 'YES'))) = 0),'NO',if(((select count(0) from `performance_schema`.`setup_instruments` where ((`performance_schema`.`setup_instruments`.`NAME` like 'memory/%') and (`performance_schema`.`setup_instruments`.`ENABLED` = 'NO'))) = 0),'YES','PARTIAL')) AS `Enabled` from `performance_schema`.`memory_summary_global_by_event_name` union all select 'memory_total_allocated' AS `Variable_name`,sum(`performance_schema`.`memory_summary_global_by_event_name`.`SUM_NUMBER_OF_BYTES_ALLOC`) AS `Variable_value`,'Performance Schema' AS `Type`,if(((select count(0) from `performance_schema`.`setup_instruments` where ((`performance_schema`.`setup_instruments`.`NAME` like 'memory/%') and (`performance_schema`.`setup_instruments`.`ENABLED` = 'YES'))) = 0),'NO',if(((select count(0) from `performance_schema`.`setup_instruments` where ((`performance_schema`.`setup_instruments`.`NAME` like 'memory/%') and (`performance_schema`.`setup_instruments`.`ENABLED` = 'NO'))) = 0),'YES','PARTIAL')) AS `Enabled` from `performance_schema`.`memory_summary_global_by_event_name` union all select 'NOW()' AS `Variable_name`,now(3) AS `Variable_value`,'System Time' AS `Type`,'YES' AS `Enabled` union all select 'UNIX_TIMESTAMP()' AS `Variable_name`,round(unix_timestamp(now(3)),3) AS `Variable_value`,'System Time' AS `Type`,'YES' AS `Enabled` order by `Type`,`Variable_name` */;
/*!50001 SET character_set_client      = @saved_cs_client */;
/*!50001 SET character_set_results     = @saved_cs_results */;
/*!50001 SET collation_connection      = @saved_col_connection */;

--
-- Final view structure for view `processlist`
--

/*!50001 DROP VIEW IF EXISTS `processlist`*/;
/*!50001 SET @saved_cs_client          = @@character_set_client */;
/*!50001 SET @saved_cs_results         = @@character_set_results */;
/*!50001 SET @saved_col_connection     = @@collation_connection */;
/*!50001 SET character_set_client      = utf8mb4 */;
/*!50001 SET character_set_results     = utf8mb4 */;
/*!50001 SET collation_connection      = utf8mb4_0900_ai_ci */;
/*!50001 CREATE ALGORITHM=TEMPTABLE */
/*!50013 DEFINER=`mysql.sys`@`localhost` SQL SECURITY INVOKER */
/*!50001 VIEW `processlist` (`thd_id`,`conn_id`,`user`,`db`,`command`,`state`,`time`,`current_statement`,`statement_latency`,`progress`,`lock_latency`,`rows_examined`,`rows_sent`,`rows_affected`,`tmp_tables`,`tmp_disk_tables`,`full_scan`,`last_statement`,`last_statement_latency`,`current_memory`,`last_wait`,`last_wait_latency`,`source`,`trx_latency`,`trx_state`,`trx_autocommit`,`pid`,`program_name`) AS select `pps`.`THREAD_ID` AS `thd_id`,`pps`.`PROCESSLIST_ID` AS `conn_id`,if((`pps`.`NAME` in ('thread/sql/one_connection','thread/thread_pool/tp_one_connection')),concat(`pps`.`PROCESSLIST_USER`,'@',convert(`pps`.`PROCESSLIST_HOST` using utf8mb4)),replace(`pps`.`NAME`,'thread/','')) AS `user`,`pps`.`PROCESSLIST_DB` AS `db`,`pps`.`PROCESSLIST_COMMAND` AS `command`,`pps`.`PROCESSLIST_STATE` AS `state`,`pps`.`PROCESSLIST_TIME` AS `time`,`sys`.`format_statement`(`pps`.`PROCESSLIST_INFO`) AS `current_statement`,if((`esc`.`END_EVENT_ID` is null),format_pico_time(`esc`.`TIMER_WAIT`),NULL) AS `statement_latency`,if((`esc`.`END_EVENT_ID` is null),round((100 * (`estc`.`WORK_COMPLETED` / `estc`.`WORK_ESTIMATED`)),2),NULL) AS `progress`,format_pico_time(`esc`.`LOCK_TIME`) AS `lock_latency`,`esc`.`ROWS_EXAMINED` AS `rows_examined`,`esc`.`ROWS_SENT` AS `rows_sent`,`esc`.`ROWS_AFFECTED` AS `rows_affected`,`esc`.`CREATED_TMP_TABLES` AS `tmp_tables`,`esc`.`CREATED_TMP_DISK_TABLES` AS `tmp_disk_tables`,if(((`esc`.`NO_GOOD_INDEX_USED` > 0) or (`esc`.`NO_INDEX_USED` > 0)),'YES','NO') AS `full_scan`,if((`esc`.`END_EVENT_ID` is not null),`sys`.`format_statement`(`esc`.`SQL_TEXT`),NULL) AS `last_statement`,if((`esc`.`END_EVENT_ID` is not null),format_pico_time(`esc`.`TIMER_WAIT`),NULL) AS `last_statement_latency`,format_bytes(`mem`.`current_allocated`) AS `current_memory`,`ewc`.`EVENT_NAME` AS `last_wait`,if(((`ewc`.`END_EVENT_ID` is null) and (`ewc`.`EVENT_NAME` is not null)),'Still Waiting',convert(format_pico_time(`ewc`.`TIMER_WAIT`) using utf8mb4)) AS `last_wait_latency`,`ewc`.`SOURCE` AS `source`,format_pico_time(`etc`.`TIMER_WAIT`) AS `trx_latency`,`etc`.`STATE` AS `trx_state`,`etc`.`AUTOCOMMIT` AS `trx_autocommit`,`conattr_pid`.`ATTR_VALUE` AS `pid`,`conattr_progname`.`ATTR_VALUE` AS `program_name` from (((((((`performance_schema`.`threads` `pps` left join `performance_schema`.`events_waits_current` `ewc` on((`pps`.`THREAD_ID` = `ewc`.`THREAD_ID`))) left join `performance_schema`.`events_stages_current` `estc` on((`pps`.`THREAD_ID` = `estc`.`THREAD_ID`))) left join `performance_schema`.`events_statements_current` `esc` on((`pps`.`THREAD_ID` = `esc`.`THREAD_ID`))) left join `performance_schema`.`events_transactions_current` `etc` on((`pps`.`THREAD_ID` = `etc`.`THREAD_ID`))) left join `x$memory_by_thread_by_current_bytes` `mem` on((`pps`.`THREAD_ID` = `mem`.`thread_id`))) left join `performance_schema`.`session_connect_attrs` `conattr_pid` on(((`conattr_pid`.`PROCESSLIST_ID` = `pps`.`PROCESSLIST_ID`) and (`conattr_pid`.`ATTR_NAME` = '_pid')))) left join `performance_schema`.`session_connect_attrs` `conattr_progname` on(((`conattr_progname`.`PROCESSLIST_ID` = `pps`.`PROCESSLIST_ID`) and (`conattr_progname`.`ATTR_NAME` = 'program_name')))) order by `pps`.`PROCESSLIST_TIME` desc,`last_wait_latency` desc */;
/*!50001 SET character_set_client      = @saved_cs_client */;
/*!50001 SET character_set_results     = @saved_cs_results */;
/*!50001 SET collation_connection      = @saved_col_connection */;

--
-- Final view structure for view `ps_check_lost_instrumentation`
--

/*!50001 DROP VIEW IF EXISTS `ps_check_lost_instrumentation`*/;
/*!50001 SET @saved_cs_client          = @@character_set_client */;
/*!50001 SET @saved_cs_results         = @@character_set_results */;
/*!50001 SET @saved_col_connection     = @@collation_connection */;
/*!50001 SET character_set_client      = utf8mb4 */;
/*!50001 SET character_set_results     = utf8mb4 */;
/*!50001 SET collation_connection      = utf8mb4_0900_ai_ci */;
/*!50001 CREATE ALGORITHM=MERGE */
/*!50013 DEFINER=`mysql.sys`@`localhost` SQL SECURITY INVOKER */
/*!50001 VIEW `ps_check_lost_instrumentation` (`variable_name`,`variable_value`) AS select `performance_schema`.`global_status`.`VARIABLE_NAME` AS `variable_name`,`performance_schema`.`global_status`.`VARIABLE_VALUE` AS `variable_value` from `performance_schema`.`global_status` where ((`performance_schema`.`global_status`.`VARIABLE_NAME` like 'perf%lost') and (`performance_schema`.`global_status`.`VARIABLE_VALUE` > 0)) */;
/*!50001 SET character_set_client      = @saved_cs_client */;
/*!50001 SET character_set_results     = @saved_cs_results */;
/*!50001 SET collation_connection      = @saved_col_connection */;

--
-- Final view structure for view `schema_auto_increment_columns`
--

/*!50001 DROP VIEW IF EXISTS `schema_auto_increment_columns`*/;
/*!50001 SET @saved_cs_client          = @@character_set_client */;
/*!50001 SET @saved_cs_results         = @@character_set_results */;
/*!50001 SET @saved_col_connection     = @@collation_connection */;
/*!50001 SET character_set_client      = utf8mb4 */;
/*!50001 SET character_set_results     = utf8mb4 */;
/*!50001 SET collation_connection      = utf8mb4_0900_ai_ci */;
/*!50001 CREATE ALGORITHM=MERGE */
/*!50013 DEFINER=`mysql.sys`@`localhost` SQL SECURITY INVOKER */
/*!50001 VIEW `schema_auto_increment_columns` (`table_schema`,`table_name`,`column_name`,`data_type`,`column_type`,`is_signed`,`is_unsigned`,`max_value`,`auto_increment`,`auto_increment_ratio`) AS select `information_schema`.`columns`.`TABLE_SCHEMA` AS `TABLE_SCHEMA`,`information_schema`.`columns`.`TABLE_NAME` AS `TABLE_NAME`,`information_schema`.`columns`.`COLUMN_NAME` AS `COLUMN_NAME`,`information_schema`.`columns`.`DATA_TYPE` AS `DATA_TYPE`,`information_schema`.`columns`.`COLUMN_TYPE` AS `COLUMN_TYPE`,(locate('unsigned',`information_schema`.`columns`.`COLUMN_TYPE`) = 0) AS `is_signed`,(locate('unsigned',`information_schema`.`columns`.`COLUMN_TYPE`) > 0) AS `is_unsigned`,((case `information_schema`.`columns`.`DATA_TYPE` when 'tinyint' then 255 when 'smallint' then 65535 when 'mediumint' then 16777215 when 'int' then 4294967295 when 'bigint' then 18446744073709551615 end) >> if((locate('unsigned',`information_schema`.`columns`.`COLUMN_TYPE`) > 0),0,1)) AS `max_value`,`information_schema`.`tables`.`AUTO_INCREMENT` AS `AUTO_INCREMENT`,(`information_schema`.`tables`.`AUTO_INCREMENT` / ((case `information_schema`.`columns`.`DATA_TYPE` when 'tinyint' then 255 when 'smallint' then 65535 when 'mediumint' then 16777215 when 'int' then 4294967295 when 'bigint' then 18446744073709551615 end) >> if((locate('unsigned',`information_schema`.`columns`.`COLUMN_TYPE`) > 0),0,1))) AS `auto_increment_ratio` from (`information_schema`.`COLUMNS` join `information_schema`.`TABLES` on(((`information_schema`.`columns`.`TABLE_SCHEMA` = `information_schema`.`tables`.`TABLE_SCHEMA`) and (`information_schema`.`columns`.`TABLE_NAME` = `information_schema`.`tables`.`TABLE_NAME`)))) where ((`information_schema`.`columns`.`TABLE_SCHEMA` not in ('mysql','sys','INFORMATION_SCHEMA','performance_schema')) and (`information_schema`.`tables`.`TABLE_TYPE` = 'BASE TABLE') and (`information_schema`.`columns`.`EXTRA` = 'auto_increment')) order by (`information_schema`.`tables`.`AUTO_INCREMENT` / ((case `information_schema`.`columns`.`DATA_TYPE` when 'tinyint' then 255 when 'smallint' then 65535 when 'mediumint' then 16777215 when 'int' then 4294967295 when 'bigint' then 18446744073709551615 end) >> if((locate('unsigned',`information_schema`.`columns`.`COLUMN_TYPE`) > 0),0,1))) desc,((case `information_schema`.`columns`.`DATA_TYPE` when 'tinyint' then 255 when 'smallint' then 65535 when 'mediumint' then 16777215 when 'int' then 4294967295 when 'bigint' then 18446744073709551615 end) >> if((locate('unsigned',`information_schema`.`columns`.`COLUMN_TYPE`) > 0),0,1)) */;
/*!50001 SET character_set_client      = @saved_cs_client */;
/*!50001 SET character_set_results     = @saved_cs_results */;
/*!50001 SET collation_connection      = @saved_col_connection */;

--
-- Final view structure for view `schema_index_statistics`
--

/*!50001 DROP VIEW IF EXISTS `schema_index_statistics`*/;
/*!50001 SET @saved_cs_client          = @@character_set_client */;
/*!50001 SET @saved_cs_results         = @@character_set_results */;
/*!50001 SET @saved_col_connection     = @@collation_connection */;
/*!50001 SET character_set_client      = utf8mb4 */;
/*!50001 SET character_set_results     = utf8mb4 */;
/*!50001 SET collation_connection      = utf8mb4_0900_ai_ci */;
/*!50001 CREATE ALGORITHM=MERGE */
/*!50013 DEFINER=`mysql.sys`@`localhost` SQL SECURITY INVOKER */
/*!50001 VIEW `schema_index_statistics` (`table_schema`,`table_name`,`index_name`,`rows_selected`,`select_latency`,`rows_inserted`,`insert_latency`,`rows_updated`,`update_latency`,`rows_deleted`,`delete_latency`) AS select `performance_schema`.`table_io_waits_summary_by_index_usage`.`OBJECT_SCHEMA` AS `table_schema`,`performance_schema`.`table_io_waits_summary_by_index_usage`.`OBJECT_NAME` AS `table_name`,`performance_schema`.`table_io_waits_summary_by_index_usage`.`INDEX_NAME` AS `index_name`,`performance_schema`.`table_io_waits_summary_by_index_usage`.`COUNT_FETCH` AS `rows_selected`,format_pico_time(`performance_schema`.`table_io_waits_summary_by_index_usage`.`SUM_TIMER_FETCH`) AS `select_latency`,`performance_schema`.`table_io_waits_summary_by_index_usage`.`COUNT_INSERT` AS `rows_inserted`,format_pico_time(`performance_schema`.`table_io_waits_summary_by_index_usage`.`SUM_TIMER_INSERT`) AS `insert_latency`,`performance_schema`.`table_io_waits_summary_by_index_usage`.`COUNT_UPDATE` AS `rows_updated`,format_pico_time(`performance_schema`.`table_io_waits_summary_by_index_usage`.`SUM_TIMER_UPDATE`) AS `update_latency`,`performance_schema`.`table_io_waits_summary_by_index_usage`.`COUNT_DELETE` AS `rows_deleted`,format_pico_time(`performance_schema`.`table_io_waits_summary_by_index_usage`.`SUM_TIMER_DELETE`) AS `delete_latency` from `performance_schema`.`table_io_waits_summary_by_index_usage` where (`performance_schema`.`table_io_waits_summary_by_index_usage`.`INDEX_NAME` is not null) order by `performance_schema`.`table_io_waits_summary_by_index_usage`.`SUM_TIMER_WAIT` desc */;
/*!50001 SET character_set_client      = @saved_cs_client */;
/*!50001 SET character_set_results     = @saved_cs_results */;
/*!50001 SET collation_connection      = @saved_col_connection */;

--
-- Final view structure for view `schema_object_overview`
--

/*!50001 DROP VIEW IF EXISTS `schema_object_overview`*/;
/*!50001 SET @saved_cs_client          = @@character_set_client */;
/*!50001 SET @saved_cs_results         = @@character_set_results */;
/*!50001 SET @saved_col_connection     = @@collation_connection */;
/*!50001 SET character_set_client      = utf8mb4 */;
/*!50001 SET character_set_results     = utf8mb4 */;
/*!50001 SET collation_connection      = utf8mb4_0900_ai_ci */;
/*!50001 CREATE ALGORITHM=TEMPTABLE */
/*!50013 DEFINER=`mysql.sys`@`localhost` SQL SECURITY INVOKER */
/*!50001 VIEW `schema_object_overview` (`db`,`object_type`,`count`) AS select `information_schema`.`routines`.`ROUTINE_SCHEMA` AS `db`,`information_schema`.`routines`.`ROUTINE_TYPE` AS `object_type`,count(0) AS `count` from `information_schema`.`ROUTINES` group by `information_schema`.`routines`.`ROUTINE_SCHEMA`,`information_schema`.`routines`.`ROUTINE_TYPE` union select `information_schema`.`tables`.`TABLE_SCHEMA` AS `TABLE_SCHEMA`,`information_schema`.`tables`.`TABLE_TYPE` AS `TABLE_TYPE`,count(0) AS `COUNT(*)` from `information_schema`.`TABLES` group by `information_schema`.`tables`.`TABLE_SCHEMA`,`information_schema`.`tables`.`TABLE_TYPE` union select `information_schema`.`statistics`.`TABLE_SCHEMA` AS `TABLE_SCHEMA`,concat('INDEX (',`information_schema`.`statistics`.`INDEX_TYPE`,')') AS `CONCAT('INDEX (', INDEX_TYPE, ')')`,count(0) AS `COUNT(*)` from `information_schema`.`STATISTICS` group by `information_schema`.`statistics`.`TABLE_SCHEMA`,`information_schema`.`statistics`.`INDEX_TYPE` union select `information_schema`.`triggers`.`TRIGGER_SCHEMA` AS `TRIGGER_SCHEMA`,'TRIGGER' AS `TRIGGER`,count(0) AS `COUNT(*)` from `information_schema`.`TRIGGERS` group by `information_schema`.`triggers`.`TRIGGER_SCHEMA` union select `information_schema`.`events`.`EVENT_SCHEMA` AS `EVENT_SCHEMA`,'EVENT' AS `EVENT`,count(0) AS `COUNT(*)` from `information_schema`.`EVENTS` group by `information_schema`.`events`.`EVENT_SCHEMA` order by `db`,`object_type` */;
/*!50001 SET character_set_client      = @saved_cs_client */;
/*!50001 SET character_set_results     = @saved_cs_results */;
/*!50001 SET collation_connection      = @saved_col_connection */;

--
-- Final view structure for view `schema_redundant_indexes`
--

/*!50001 DROP VIEW IF EXISTS `schema_redundant_indexes`*/;
/*!50001 SET @saved_cs_client          = @@character_set_client */;
/*!50001 SET @saved_cs_results         = @@character_set_results */;
/*!50001 SET @saved_col_connection     = @@collation_connection */;
/*!50001 SET character_set_client      = utf8mb4 */;
/*!50001 SET character_set_results     = utf8mb4 */;
/*!50001 SET collation_connection      = utf8mb4_0900_ai_ci */;
/*!50001 CREATE ALGORITHM=TEMPTABLE */
/*!50013 DEFINER=`mysql.sys`@`localhost` SQL SECURITY INVOKER */
/*!50001 VIEW `schema_redundant_indexes` (`table_schema`,`table_name`,`redundant_index_name`,`redundant_index_columns`,`redundant_index_non_unique`,`dominant_index_name`,`dominant_index_columns`,`dominant_index_non_unique`,`subpart_exists`,`sql_drop_index`) AS select `redundant_keys`.`table_schema` AS `table_schema`,`redundant_keys`.`table_name` AS `table_name`,`redundant_keys`.`index_name` AS `redundant_index_name`,`redundant_keys`.`index_columns` AS `redundant_index_columns`,`redundant_keys`.`non_unique` AS `redundant_index_non_unique`,`dominant_keys`.`index_name` AS `dominant_index_name`,`dominant_keys`.`index_columns` AS `dominant_index_columns`,`dominant_keys`.`non_unique` AS `dominant_index_non_unique`,if(((0 <> `redundant_keys`.`subpart_exists`) or (0 <> `dominant_keys`.`subpart_exists`)),1,0) AS `subpart_exists`,concat('ALTER TABLE `',`redundant_keys`.`table_schema`,'`.`',`redundant_keys`.`table_name`,'` DROP INDEX `',`redundant_keys`.`index_name`,'`') AS `sql_drop_index` from (`x$schema_flattened_keys` `redundant_keys` join `x$schema_flattened_keys` `dominant_keys` on(((`redundant_keys`.`table_schema` = `dominant_keys`.`table_schema`) and (`redundant_keys`.`table_name` = `dominant_keys`.`table_name`)))) where ((`redundant_keys`.`index_name` <> `dominant_keys`.`index_name`) and (((`redundant_keys`.`index_columns` = `dominant_keys`.`index_columns`) and ((`redundant_keys`.`non_unique` > `dominant_keys`.`non_unique`) or ((`redundant_keys`.`non_unique` = `dominant_keys`.`non_unique`) and (if((`redundant_keys`.`index_name` = 'PRIMARY'),'',`redundant_keys`.`index_name`) > if((`dominant_keys`.`index_name` = 'PRIMARY'),'',`dominant_keys`.`index_name`))))) or ((locate(concat(`redundant_keys`.`index_columns`,','),`dominant_keys`.`index_columns`) = 1) and (`redundant_keys`.`non_unique` = 1)) or ((locate(concat(`dominant_keys`.`index_columns`,','),`redundant_keys`.`index_columns`) = 1) and (`dominant_keys`.`non_unique` = 0)))) */;
/*!50001 SET character_set_client      = @saved_cs_client */;
/*!50001 SET character_set_results     = @saved_cs_results */;
/*!50001 SET collation_connection      = @saved_col_connection */;

--
-- Final view structure for view `schema_table_lock_waits`
--

/*!50001 DROP VIEW IF EXISTS `schema_table_lock_waits`*/;
/*!50001 SET @saved_cs_client          = @@character_set_client */;
/*!50001 SET @saved_cs_results         = @@character_set_results */;
/*!50001 SET @saved_col_connection     = @@collation_connection */;
/*!50001 SET character_set_client      = utf8mb4 */;
/*!50001 SET character_set_results     = utf8mb4 */;
/*!50001 SET collation_connection      = utf8mb4_0900_ai_ci */;
/*!50001 CREATE ALGORITHM=TEMPTABLE */
/*!50013 DEFINER=`mysql.sys`@`localhost` SQL SECURITY INVOKER */
/*!50001 VIEW `schema_table_lock_waits` (`object_schema`,`object_name`,`waiting_thread_id`,`waiting_pid`,`waiting_account`,`waiting_lock_type`,`waiting_lock_duration`,`waiting_query`,`waiting_query_secs`,`waiting_query_rows_affected`,`waiting_query_rows_examined`,`blocking_thread_id`,`blocking_pid`,`blocking_account`,`blocking_lock_type`,`blocking_lock_duration`,`sql_kill_blocking_query`,`sql_kill_blocking_connection`) AS select `g`.`OBJECT_SCHEMA` AS `object_schema`,`g`.`OBJECT_NAME` AS `object_name`,`pt`.`THREAD_ID` AS `waiting_thread_id`,`pt`.`PROCESSLIST_ID` AS `waiting_pid`,`sys`.`ps_thread_account`(`p`.`OWNER_THREAD_ID`) AS `waiting_account`,`p`.`LOCK_TYPE` AS `waiting_lock_type`,`p`.`LOCK_DURATION` AS `waiting_lock_duration`,`sys`.`format_statement`(`pt`.`PROCESSLIST_INFO`) AS `waiting_query`,`pt`.`PROCESSLIST_TIME` AS `waiting_query_secs`,`ps`.`ROWS_AFFECTED` AS `waiting_query_rows_affected`,`ps`.`ROWS_EXAMINED` AS `waiting_query_rows_examined`,`gt`.`THREAD_ID` AS `blocking_thread_id`,`gt`.`PROCESSLIST_ID` AS `blocking_pid`,`sys`.`ps_thread_account`(`g`.`OWNER_THREAD_ID`) AS `blocking_account`,`g`.`LOCK_TYPE` AS `blocking_lock_type`,`g`.`LOCK_DURATION` AS `blocking_lock_duration`,concat('KILL QUERY ',`gt`.`PROCESSLIST_ID`) AS `sql_kill_blocking_query`,concat('KILL ',`gt`.`PROCESSLIST_ID`) AS `sql_kill_blocking_connection` from (((((`performance_schema`.`metadata_locks` `g` join `performance_schema`.`metadata_locks` `p` on(((`g`.`OBJECT_TYPE` = `p`.`OBJECT_TYPE`) and (`g`.`OBJECT_SCHEMA` = `p`.`OBJECT_SCHEMA`) and (`g`.`OBJECT_NAME` = `p`.`OBJECT_NAME`) and (`g`.`LOCK_STATUS` = 'GRANTED') and (`p`.`LOCK_STATUS` = 'PENDING')))) join `performance_schema`.`threads` `gt` on((`g`.`OWNER_THREAD_ID` = `gt`.`THREAD_ID`))) join `performance_schema`.`threads` `pt` on((`p`.`OWNER_THREAD_ID` = `pt`.`THREAD_ID`))) left join `performance_schema`.`events_statements_current` `gs` on((`g`.`OWNER_THREAD_ID` = `gs`.`THREAD_ID`))) left join `performance_schema`.`events_statements_current` `ps` on((`p`.`OWNER_THREAD_ID` = `ps`.`THREAD_ID`))) where (`g`.`OBJECT_TYPE` = 'TABLE') */;
/*!50001 SET character_set_client      = @saved_cs_client */;
/*!50001 SET character_set_results     = @saved_cs_results */;
/*!50001 SET collation_connection      = @saved_col_connection */;

--
-- Final view structure for view `schema_table_statistics`
--

/*!50001 DROP VIEW IF EXISTS `schema_table_statistics`*/;
/*!50001 SET @saved_cs_client          = @@character_set_client */;
/*!50001 SET @saved_cs_results         = @@character_set_results */;
/*!50001 SET @saved_col_connection     = @@collation_connection */;
/*!50001 SET character_set_client      = utf8mb4 */;
/*!50001 SET character_set_results     = utf8mb4 */;
/*!50001 SET collation_connection      = utf8mb4_0900_ai_ci */;
/*!50001 CREATE ALGORITHM=TEMPTABLE */
/*!50013 DEFINER=`mysql.sys`@`localhost` SQL SECURITY INVOKER */
/*!50001 VIEW `schema_table_statistics` (`table_schema`,`table_name`,`total_latency`,`rows_fetched`,`fetch_latency`,`rows_inserted`,`insert_latency`,`rows_updated`,`update_latency`,`rows_deleted`,`delete_latency`,`io_read_requests`,`io_read`,`io_read_latency`,`io_write_requests`,`io_write`,`io_write_latency`,`io_misc_requests`,`io_misc_latency`) AS select `pst`.`OBJECT_SCHEMA` AS `table_schema`,`pst`.`OBJECT_NAME` AS `table_name`,format_pico_time(`pst`.`SUM_TIMER_WAIT`) AS `total_latency`,`pst`.`COUNT_FETCH` AS `rows_fetched`,format_pico_time(`pst`.`SUM_TIMER_FETCH`) AS `fetch_latency`,`pst`.`COUNT_INSERT` AS `rows_inserted`,format_pico_time(`pst`.`SUM_TIMER_INSERT`) AS `insert_latency`,`pst`.`COUNT_UPDATE` AS `rows_updated`,format_pico_time(`pst`.`SUM_TIMER_UPDATE`) AS `update_latency`,`pst`.`COUNT_DELETE` AS `rows_deleted`,format_pico_time(`pst`.`SUM_TIMER_DELETE`) AS `delete_latency`,`fsbi`.`count_read` AS `io_read_requests`,format_bytes(`fsbi`.`sum_number_of_bytes_read`) AS `io_read`,format_pico_time(`fsbi`.`sum_timer_read`) AS `io_read_latency`,`fsbi`.`count_write` AS `io_write_requests`,format_bytes(`fsbi`.`sum_number_of_bytes_write`) AS `io_write`,format_pico_time(`fsbi`.`sum_timer_write`) AS `io_write_latency`,`fsbi`.`count_misc` AS `io_misc_requests`,format_pico_time(`fsbi`.`sum_timer_misc`) AS `io_misc_latency` from (`performance_schema`.`table_io_waits_summary_by_table` `pst` left join `x$ps_schema_table_statistics_io` `fsbi` on(((`pst`.`OBJECT_SCHEMA` = `fsbi`.`table_schema`) and (`pst`.`OBJECT_NAME` = `fsbi`.`table_name`)))) order by `pst`.`SUM_TIMER_WAIT` desc */;
/*!50001 SET character_set_client      = @saved_cs_client */;
/*!50001 SET character_set_results     = @saved_cs_results */;
/*!50001 SET collation_connection      = @saved_col_connection */;

--
-- Final view structure for view `schema_table_statistics_with_buffer`
--

/*!50001 DROP VIEW IF EXISTS `schema_table_statistics_with_buffer`*/;
/*!50001 SET @saved_cs_client          = @@character_set_client */;
/*!50001 SET @saved_cs_results         = @@character_set_results */;
/*!50001 SET @saved_col_connection     = @@collation_connection */;
/*!50001 SET character_set_client      = utf8mb4 */;
/*!50001 SET character_set_results     = utf8mb4 */;
/*!50001 SET collation_connection      = utf8mb4_0900_ai_ci */;
/*!50001 CREATE ALGORITHM=TEMPTABLE */
/*!50013 DEFINER=`mysql.sys`@`localhost` SQL SECURITY INVOKER */
/*!50001 VIEW `schema_table_statistics_with_buffer` (`table_schema`,`table_name`,`rows_fetched`,`fetch_latency`,`rows_inserted`,`insert_latency`,`rows_updated`,`update_latency`,`rows_deleted`,`delete_latency`,`io_read_requests`,`io_read`,`io_read_latency`,`io_write_requests`,`io_write`,`io_write_latency`,`io_misc_requests`,`io_misc_latency`,`innodb_buffer_allocated`,`innodb_buffer_data`,`innodb_buffer_free`,`innodb_buffer_pages`,`innodb_buffer_pages_hashed`,`innodb_buffer_pages_old`,`innodb_buffer_rows_cached`) AS select `pst`.`OBJECT_SCHEMA` AS `table_schema`,`pst`.`OBJECT_NAME` AS `table_name`,`pst`.`COUNT_FETCH` AS `rows_fetched`,format_pico_time(`pst`.`SUM_TIMER_FETCH`) AS `fetch_latency`,`pst`.`COUNT_INSERT` AS `rows_inserted`,format_pico_time(`pst`.`SUM_TIMER_INSERT`) AS `insert_latency`,`pst`.`COUNT_UPDATE` AS `rows_updated`,format_pico_time(`pst`.`SUM_TIMER_UPDATE`) AS `update_latency`,`pst`.`COUNT_DELETE` AS `rows_deleted`,format_pico_time(`pst`.`SUM_TIMER_DELETE`) AS `delete_latency`,`fsbi`.`count_read` AS `io_read_requests`,format_bytes(`fsbi`.`sum_number_of_bytes_read`) AS `io_read`,format_pico_time(`fsbi`.`sum_timer_read`) AS `io_read_latency`,`fsbi`.`count_write` AS `io_write_requests`,format_bytes(`fsbi`.`sum_number_of_bytes_write`) AS `io_write`,format_pico_time(`fsbi`.`sum_timer_write`) AS `io_write_latency`,`fsbi`.`count_misc` AS `io_misc_requests`,format_pico_time(`fsbi`.`sum_timer_misc`) AS `io_misc_latency`,format_bytes(`ibp`.`allocated`) AS `innodb_buffer_allocated`,format_bytes(`ibp`.`data`) AS `innodb_buffer_data`,format_bytes((`ibp`.`allocated` - `ibp`.`data`)) AS `innodb_buffer_free`,`ibp`.`pages` AS `innodb_buffer_pages`,`ibp`.`pages_hashed` AS `innodb_buffer_pages_hashed`,`ibp`.`pages_old` AS `innodb_buffer_pages_old`,`ibp`.`rows_cached` AS `innodb_buffer_rows_cached` from ((`performance_schema`.`table_io_waits_summary_by_table` `pst` left join `x$ps_schema_table_statistics_io` `fsbi` on(((`pst`.`OBJECT_SCHEMA` = `fsbi`.`table_schema`) and (`pst`.`OBJECT_NAME` = `fsbi`.`table_name`)))) left join `x$innodb_buffer_stats_by_table` `ibp` on(((`pst`.`OBJECT_SCHEMA` = `ibp`.`object_schema`) and (`pst`.`OBJECT_NAME` = `ibp`.`object_name`)))) order by `pst`.`SUM_TIMER_WAIT` desc */;
/*!50001 SET character_set_client      = @saved_cs_client */;
/*!50001 SET character_set_results     = @saved_cs_results */;
/*!50001 SET collation_connection      = @saved_col_connection */;

--
-- Final view structure for view `schema_tables_with_full_table_scans`
--

/*!50001 DROP VIEW IF EXISTS `schema_tables_with_full_table_scans`*/;
/*!50001 SET @saved_cs_client          = @@character_set_client */;
/*!50001 SET @saved_cs_results         = @@character_set_results */;
/*!50001 SET @saved_col_connection     = @@collation_connection */;
/*!50001 SET character_set_client      = utf8mb4 */;
/*!50001 SET character_set_results     = utf8mb4 */;
/*!50001 SET collation_connection      = utf8mb4_0900_ai_ci */;
/*!50001 CREATE ALGORITHM=MERGE */
/*!50013 DEFINER=`mysql.sys`@`localhost` SQL SECURITY INVOKER */
/*!50001 VIEW `schema_tables_with_full_table_scans` (`object_schema`,`object_name`,`rows_full_scanned`,`latency`) AS select `performance_schema`.`table_io_waits_summary_by_index_usage`.`OBJECT_SCHEMA` AS `object_schema`,`performance_schema`.`table_io_waits_summary_by_index_usage`.`OBJECT_NAME` AS `object_name`,`performance_schema`.`table_io_waits_summary_by_index_usage`.`COUNT_READ` AS `rows_full_scanned`,format_pico_time(`performance_schema`.`table_io_waits_summary_by_index_usage`.`SUM_TIMER_WAIT`) AS `latency` from `performance_schema`.`table_io_waits_summary_by_index_usage` where ((`performance_schema`.`table_io_waits_summary_by_index_usage`.`INDEX_NAME` is null) and (`performance_schema`.`table_io_waits_summary_by_index_usage`.`COUNT_READ` > 0)) order by `performance_schema`.`table_io_waits_summary_by_index_usage`.`COUNT_READ` desc */;
/*!50001 SET character_set_client      = @saved_cs_client */;
/*!50001 SET character_set_results     = @saved_cs_results */;
/*!50001 SET collation_connection      = @saved_col_connection */;

--
-- Final view structure for view `schema_unused_indexes`
--

/*!50001 DROP VIEW IF EXISTS `schema_unused_indexes`*/;
/*!50001 SET @saved_cs_client          = @@character_set_client */;
/*!50001 SET @saved_cs_results         = @@character_set_results */;
/*!50001 SET @saved_col_connection     = @@collation_connection */;
/*!50001 SET character_set_client      = utf8mb4 */;
/*!50001 SET character_set_results     = utf8mb4 */;
/*!50001 SET collation_connection      = utf8mb4_0900_ai_ci */;
/*!50001 CREATE ALGORITHM=MERGE */
/*!50013 DEFINER=`mysql.sys`@`localhost` SQL SECURITY INVOKER */
/*!50001 VIEW `schema_unused_indexes` (`object_schema`,`object_name`,`index_name`) AS select `t`.`OBJECT_SCHEMA` AS `object_schema`,`t`.`OBJECT_NAME` AS `object_name`,`t`.`INDEX_NAME` AS `index_name` from (`performance_schema`.`table_io_waits_summary_by_index_usage` `t` join `information_schema`.`STATISTICS` `s` on(((`t`.`OBJECT_SCHEMA` = `information_schema`.`s`.`TABLE_SCHEMA`) and (`t`.`OBJECT_NAME` = `information_schema`.`s`.`TABLE_NAME`) and (`t`.`INDEX_NAME` = `information_schema`.`s`.`INDEX_NAME`)))) where ((`t`.`INDEX_NAME` is not null) and (`t`.`COUNT_STAR` = 0) and (`t`.`OBJECT_SCHEMA` <> 'mysql') and (`t`.`INDEX_NAME` <> 'PRIMARY') and (`information_schema`.`s`.`NON_UNIQUE` = 1) and (`information_schema`.`s`.`SEQ_IN_INDEX` = 1)) order by `t`.`OBJECT_SCHEMA`,`t`.`OBJECT_NAME` */;
/*!50001 SET character_set_client      = @saved_cs_client */;
/*!50001 SET character_set_results     = @saved_cs_results */;
/*!50001 SET collation_connection      = @saved_col_connection */;

--
-- Final view structure for view `session`
--

/*!50001 DROP VIEW IF EXISTS `session`*/;
/*!50001 SET @saved_cs_client          = @@character_set_client */;
/*!50001 SET @saved_cs_results         = @@character_set_results */;
/*!50001 SET @saved_col_connection     = @@collation_connection */;
/*!50001 SET character_set_client      = utf8mb4 */;
/*!50001 SET character_set_results     = utf8mb4 */;
/*!50001 SET collation_connection      = utf8mb4_0900_ai_ci */;
/*!50001 CREATE ALGORITHM=UNDEFINED */
/*!50013 DEFINER=`mysql.sys`@`localhost` SQL SECURITY INVOKER */
/*!50001 VIEW `session` AS select `processlist`.`thd_id` AS `thd_id`,`processlist`.`conn_id` AS `conn_id`,`processlist`.`user` AS `user`,`processlist`.`db` AS `db`,`processlist`.`command` AS `command`,`processlist`.`state` AS `state`,`processlist`.`time` AS `time`,`processlist`.`current_statement` AS `current_statement`,`processlist`.`statement_latency` AS `statement_latency`,`processlist`.`progress` AS `progress`,`processlist`.`lock_latency` AS `lock_latency`,`processlist`.`rows_examined` AS `rows_examined`,`processlist`.`rows_sent` AS `rows_sent`,`processlist`.`rows_affected` AS `rows_affected`,`processlist`.`tmp_tables` AS `tmp_tables`,`processlist`.`tmp_disk_tables` AS `tmp_disk_tables`,`processlist`.`full_scan` AS `full_scan`,`processlist`.`last_statement` AS `last_statement`,`processlist`.`last_statement_latency` AS `last_statement_latency`,`processlist`.`current_memory` AS `current_memory`,`processlist`.`last_wait` AS `last_wait`,`processlist`.`last_wait_latency` AS `last_wait_latency`,`processlist`.`source` AS `source`,`processlist`.`trx_latency` AS `trx_latency`,`processlist`.`trx_state` AS `trx_state`,`processlist`.`trx_autocommit` AS `trx_autocommit`,`processlist`.`pid` AS `pid`,`processlist`.`program_name` AS `program_name` from `processlist` where ((`processlist`.`conn_id` is not null) and (`processlist`.`command` <> 'Daemon')) */;
/*!50001 SET character_set_client      = @saved_cs_client */;
/*!50001 SET character_set_results     = @saved_cs_results */;
/*!50001 SET collation_connection      = @saved_col_connection */;

--
-- Final view structure for view `session_ssl_status`
--

/*!50001 DROP VIEW IF EXISTS `session_ssl_status`*/;
/*!50001 SET @saved_cs_client          = @@character_set_client */;
/*!50001 SET @saved_cs_results         = @@character_set_results */;
/*!50001 SET @saved_col_connection     = @@collation_connection */;
/*!50001 SET character_set_client      = utf8mb4 */;
/*!50001 SET character_set_results     = utf8mb4 */;
/*!50001 SET collation_connection      = utf8mb4_0900_ai_ci */;
/*!50001 CREATE ALGORITHM=MERGE */
/*!50013 DEFINER=`mysql.sys`@`localhost` SQL SECURITY INVOKER */
/*!50001 VIEW `session_ssl_status` (`thread_id`,`ssl_version`,`ssl_cipher`,`ssl_sessions_reused`) AS select `sslver`.`THREAD_ID` AS `thread_id`,`sslver`.`VARIABLE_VALUE` AS `ssl_version`,`sslcip`.`VARIABLE_VALUE` AS `ssl_cipher`,`sslreuse`.`VARIABLE_VALUE` AS `ssl_sessions_reused` from ((`performance_schema`.`status_by_thread` `sslver` left join `performance_schema`.`status_by_thread` `sslcip` on(((`sslcip`.`THREAD_ID` = `sslver`.`THREAD_ID`) and (`sslcip`.`VARIABLE_NAME` = 'Ssl_cipher')))) left join `performance_schema`.`status_by_thread` `sslreuse` on(((`sslreuse`.`THREAD_ID` = `sslver`.`THREAD_ID`) and (`sslreuse`.`VARIABLE_NAME` = 'Ssl_sessions_reused')))) where (`sslver`.`VARIABLE_NAME` = 'Ssl_version') */;
/*!50001 SET character_set_client      = @saved_cs_client */;
/*!50001 SET character_set_results     = @saved_cs_results */;
/*!50001 SET collation_connection      = @saved_col_connection */;

--
-- Final view structure for view `statement_analysis`
--

/*!50001 DROP VIEW IF EXISTS `statement_analysis`*/;
/*!50001 SET @saved_cs_client          = @@character_set_client */;
/*!50001 SET @saved_cs_results         = @@character_set_results */;
/*!50001 SET @saved_col_connection     = @@collation_connection */;
/*!50001 SET character_set_client      = utf8mb4 */;
/*!50001 SET character_set_results     = utf8mb4 */;
/*!50001 SET collation_connection      = utf8mb4_0900_ai_ci */;
/*!50001 CREATE ALGORITHM=MERGE */
/*!50013 DEFINER=`mysql.sys`@`localhost` SQL SECURITY INVOKER */
/*!50001 VIEW `statement_analysis` (`query`,`db`,`full_scan`,`exec_count`,`err_count`,`warn_count`,`total_latency`,`max_latency`,`avg_latency`,`lock_latency`,`rows_sent`,`rows_sent_avg`,`rows_examined`,`rows_examined_avg`,`rows_affected`,`rows_affected_avg`,`tmp_tables`,`tmp_disk_tables`,`rows_sorted`,`sort_merge_passes`,`digest`,`first_seen`,`last_seen`) AS select `sys`.`format_statement`(`performance_schema`.`events_statements_summary_by_digest`.`DIGEST_TEXT`) AS `query`,`performance_schema`.`events_statements_summary_by_digest`.`SCHEMA_NAME` AS `db`,if(((`performance_schema`.`events_statements_summary_by_digest`.`SUM_NO_GOOD_INDEX_USED` > 0) or (`performance_schema`.`events_statements_summary_by_digest`.`SUM_NO_INDEX_USED` > 0)),'*','') AS `full_scan`,`performance_schema`.`events_statements_summary_by_digest`.`COUNT_STAR` AS `exec_count`,`performance_schema`.`events_statements_summary_by_digest`.`SUM_ERRORS` AS `err_count`,`performance_schema`.`events_statements_summary_by_digest`.`SUM_WARNINGS` AS `warn_count`,format_pico_time(`performance_schema`.`events_statements_summary_by_digest`.`SUM_TIMER_WAIT`) AS `total_latency`,format_pico_time(`performance_schema`.`events_statements_summary_by_digest`.`MAX_TIMER_WAIT`) AS `max_latency`,format_pico_time(`performance_schema`.`events_statements_summary_by_digest`.`AVG_TIMER_WAIT`) AS `avg_latency`,format_pico_time(`performance_schema`.`events_statements_summary_by_digest`.`SUM_LOCK_TIME`) AS `lock_latency`,`performance_schema`.`events_statements_summary_by_digest`.`SUM_ROWS_SENT` AS `rows_sent`,round(ifnull((`performance_schema`.`events_statements_summary_by_digest`.`SUM_ROWS_SENT` / nullif(`performance_schema`.`events_statements_summary_by_digest`.`COUNT_STAR`,0)),0),0) AS `rows_sent_avg`,`performance_schema`.`events_statements_summary_by_digest`.`SUM_ROWS_EXAMINED` AS `rows_examined`,round(ifnull((`performance_schema`.`events_statements_summary_by_digest`.`SUM_ROWS_EXAMINED` / nullif(`performance_schema`.`events_statements_summary_by_digest`.`COUNT_STAR`,0)),0),0) AS `rows_examined_avg`,`performance_schema`.`events_statements_summary_by_digest`.`SUM_ROWS_AFFECTED` AS `rows_affected`,round(ifnull((`performance_schema`.`events_statements_summary_by_digest`.`SUM_ROWS_AFFECTED` / nullif(`performance_schema`.`events_statements_summary_by_digest`.`COUNT_STAR`,0)),0),0) AS `rows_affected_avg`,`performance_schema`.`events_statements_summary_by_digest`.`SUM_CREATED_TMP_TABLES` AS `tmp_tables`,`performance_schema`.`events_statements_summary_by_digest`.`SUM_CREATED_TMP_DISK_TABLES` AS `tmp_disk_tables`,`performance_schema`.`events_statements_summary_by_digest`.`SUM_SORT_ROWS` AS `rows_sorted`,`performance_schema`.`events_statements_summary_by_digest`.`SUM_SORT_MERGE_PASSES` AS `sort_merge_passes`,`performance_schema`.`events_statements_summary_by_digest`.`DIGEST` AS `digest`,`performance_schema`.`events_statements_summary_by_digest`.`FIRST_SEEN` AS `first_seen`,`performance_schema`.`events_statements_summary_by_digest`.`LAST_SEEN` AS `last_seen` from `performance_schema`.`events_statements_summary_by_digest` order by `performance_schema`.`events_statements_summary_by_digest`.`SUM_TIMER_WAIT` desc */;
/*!50001 SET character_set_client      = @saved_cs_client */;
/*!50001 SET character_set_results     = @saved_cs_results */;
/*!50001 SET collation_connection      = @saved_col_connection */;

--
-- Final view structure for view `statements_with_errors_or_warnings`
--

/*!50001 DROP VIEW IF EXISTS `statements_with_errors_or_warnings`*/;
/*!50001 SET @saved_cs_client          = @@character_set_client */;
/*!50001 SET @saved_cs_results         = @@character_set_results */;
/*!50001 SET @saved_col_connection     = @@collation_connection */;
/*!50001 SET character_set_client      = utf8mb4 */;
/*!50001 SET character_set_results     = utf8mb4 */;
/*!50001 SET collation_connection      = utf8mb4_0900_ai_ci */;
/*!50001 CREATE ALGORITHM=MERGE */
/*!50013 DEFINER=`mysql.sys`@`localhost` SQL SECURITY INVOKER */
/*!50001 VIEW `statements_with_errors_or_warnings` (`query`,`db`,`exec_count`,`errors`,`error_pct`,`warnings`,`warning_pct`,`first_seen`,`last_seen`,`digest`) AS select `sys`.`format_statement`(`performance_schema`.`events_statements_summary_by_digest`.`DIGEST_TEXT`) AS `query`,`performance_schema`.`events_statements_summary_by_digest`.`SCHEMA_NAME` AS `db`,`performance_schema`.`events_statements_summary_by_digest`.`COUNT_STAR` AS `exec_count`,`performance_schema`.`events_statements_summary_by_digest`.`SUM_ERRORS` AS `errors`,(ifnull((`performance_schema`.`events_statements_summary_by_digest`.`SUM_ERRORS` / nullif(`performance_schema`.`events_statements_summary_by_digest`.`COUNT_STAR`,0)),0) * 100) AS `error_pct`,`performance_schema`.`events_statements_summary_by_digest`.`SUM_WARNINGS` AS `warnings`,(ifnull((`performance_schema`.`events_statements_summary_by_digest`.`SUM_WARNINGS` / nullif(`performance_schema`.`events_statements_summary_by_digest`.`COUNT_STAR`,0)),0) * 100) AS `warning_pct`,`performance_schema`.`events_statements_summary_by_digest`.`FIRST_SEEN` AS `first_seen`,`performance_schema`.`events_statements_summary_by_digest`.`LAST_SEEN` AS `last_seen`,`performance_schema`.`events_statements_summary_by_digest`.`DIGEST` AS `digest` from `performance_schema`.`events_statements_summary_by_digest` where ((`performance_schema`.`events_statements_summary_by_digest`.`SUM_ERRORS` > 0) or (`performance_schema`.`events_statements_summary_by_digest`.`SUM_WARNINGS` > 0)) order by `performance_schema`.`events_statements_summary_by_digest`.`SUM_ERRORS` desc,`performance_schema`.`events_statements_summary_by_digest`.`SUM_WARNINGS` desc */;
/*!50001 SET character_set_client      = @saved_cs_client */;
/*!50001 SET character_set_results     = @saved_cs_results */;
/*!50001 SET collation_connection      = @saved_col_connection */;

--
-- Final view structure for view `statements_with_full_table_scans`
--

/*!50001 DROP VIEW IF EXISTS `statements_with_full_table_scans`*/;
/*!50001 SET @saved_cs_client          = @@character_set_client */;
/*!50001 SET @saved_cs_results         = @@character_set_results */;
/*!50001 SET @saved_col_connection     = @@collation_connection */;
/*!50001 SET character_set_client      = utf8mb4 */;
/*!50001 SET character_set_results     = utf8mb4 */;
/*!50001 SET collation_connection      = utf8mb4_0900_ai_ci */;
/*!50001 CREATE ALGORITHM=MERGE */
/*!50013 DEFINER=`mysql.sys`@`localhost` SQL SECURITY INVOKER */
/*!50001 VIEW `statements_with_full_table_scans` (`query`,`db`,`exec_count`,`total_latency`,`no_index_used_count`,`no_good_index_used_count`,`no_index_used_pct`,`rows_sent`,`rows_examined`,`rows_sent_avg`,`rows_examined_avg`,`first_seen`,`last_seen`,`digest`) AS select `sys`.`format_statement`(`performance_schema`.`events_statements_summary_by_digest`.`DIGEST_TEXT`) AS `query`,`performance_schema`.`events_statements_summary_by_digest`.`SCHEMA_NAME` AS `db`,`performance_schema`.`events_statements_summary_by_digest`.`COUNT_STAR` AS `exec_count`,format_pico_time(`performance_schema`.`events_statements_summary_by_digest`.`SUM_TIMER_WAIT`) AS `total_latency`,`performance_schema`.`events_statements_summary_by_digest`.`SUM_NO_INDEX_USED` AS `no_index_used_count`,`performance_schema`.`events_statements_summary_by_digest`.`SUM_NO_GOOD_INDEX_USED` AS `no_good_index_used_count`,round((ifnull((`performance_schema`.`events_statements_summary_by_digest`.`SUM_NO_INDEX_USED` / nullif(`performance_schema`.`events_statements_summary_by_digest`.`COUNT_STAR`,0)),0) * 100),0) AS `no_index_used_pct`,`performance_schema`.`events_statements_summary_by_digest`.`SUM_ROWS_SENT` AS `rows_sent`,`performance_schema`.`events_statements_summary_by_digest`.`SUM_ROWS_EXAMINED` AS `rows_examined`,round((`performance_schema`.`events_statements_summary_by_digest`.`SUM_ROWS_SENT` / `performance_schema`.`events_statements_summary_by_digest`.`COUNT_STAR`),0) AS `rows_sent_avg`,round((`performance_schema`.`events_statements_summary_by_digest`.`SUM_ROWS_EXAMINED` / `performance_schema`.`events_statements_summary_by_digest`.`COUNT_STAR`),0) AS `rows_examined_avg`,`performance_schema`.`events_statements_summary_by_digest`.`FIRST_SEEN` AS `first_seen`,`performance_schema`.`events_statements_summary_by_digest`.`LAST_SEEN` AS `last_seen`,`performance_schema`.`events_statements_summary_by_digest`.`DIGEST` AS `digest` from `performance_schema`.`events_statements_summary_by_digest` where (((`performance_schema`.`events_statements_summary_by_digest`.`SUM_NO_INDEX_USED` > 0) or (`performance_schema`.`events_statements_summary_by_digest`.`SUM_NO_GOOD_INDEX_USED` > 0)) and (not((`performance_schema`.`events_statements_summary_by_digest`.`DIGEST_TEXT` like 'SHOW%')))) order by round((ifnull((`performance_schema`.`events_statements_summary_by_digest`.`SUM_NO_INDEX_USED` / nullif(`performance_schema`.`events_statements_summary_by_digest`.`COUNT_STAR`,0)),0) * 100),0) desc,format_pico_time(`performance_schema`.`events_statements_summary_by_digest`.`SUM_TIMER_WAIT`) desc */;
/*!50001 SET character_set_client      = @saved_cs_client */;
/*!50001 SET character_set_results     = @saved_cs_results */;
/*!50001 SET collation_connection      = @saved_col_connection */;

--
-- Final view structure for view `statements_with_runtimes_in_95th_percentile`
--

/*!50001 DROP VIEW IF EXISTS `statements_with_runtimes_in_95th_percentile`*/;
/*!50001 SET @saved_cs_client          = @@character_set_client */;
/*!50001 SET @saved_cs_results         = @@character_set_results */;
/*!50001 SET @saved_col_connection     = @@collation_connection */;
/*!50001 SET character_set_client      = utf8mb4 */;
/*!50001 SET character_set_results     = utf8mb4 */;
/*!50001 SET collation_connection      = utf8mb4_0900_ai_ci */;
/*!50001 CREATE ALGORITHM=MERGE */
/*!50013 DEFINER=`mysql.sys`@`localhost` SQL SECURITY INVOKER */
/*!50001 VIEW `statements_with_runtimes_in_95th_percentile` (`query`,`db`,`full_scan`,`exec_count`,`err_count`,`warn_count`,`total_latency`,`max_latency`,`avg_latency`,`rows_sent`,`rows_sent_avg`,`rows_examined`,`rows_examined_avg`,`first_seen`,`last_seen`,`digest`) AS select `sys`.`format_statement`(`stmts`.`DIGEST_TEXT`) AS `query`,`stmts`.`SCHEMA_NAME` AS `db`,if(((`stmts`.`SUM_NO_GOOD_INDEX_USED` > 0) or (`stmts`.`SUM_NO_INDEX_USED` > 0)),'*','') AS `full_scan`,`stmts`.`COUNT_STAR` AS `exec_count`,`stmts`.`SUM_ERRORS` AS `err_count`,`stmts`.`SUM_WARNINGS` AS `warn_count`,format_pico_time(`stmts`.`SUM_TIMER_WAIT`) AS `total_latency`,format_pico_time(`stmts`.`MAX_TIMER_WAIT`) AS `max_latency`,format_pico_time(`stmts`.`AVG_TIMER_WAIT`) AS `avg_latency`,`stmts`.`SUM_ROWS_SENT` AS `rows_sent`,round(ifnull((`stmts`.`SUM_ROWS_SENT` / nullif(`stmts`.`COUNT_STAR`,0)),0),0) AS `rows_sent_avg`,`stmts`.`SUM_ROWS_EXAMINED` AS `rows_examined`,round(ifnull((`stmts`.`SUM_ROWS_EXAMINED` / nullif(`stmts`.`COUNT_STAR`,0)),0),0) AS `rows_examined_avg`,`stmts`.`FIRST_SEEN` AS `first_seen`,`stmts`.`LAST_SEEN` AS `last_seen`,`stmts`.`DIGEST` AS `digest` from (`performance_schema`.`events_statements_summary_by_digest` `stmts` join `x$ps_digest_95th_percentile_by_avg_us` `top_percentile` on((round((`stmts`.`AVG_TIMER_WAIT` / 1000000),0) >= `top_percentile`.`avg_us`))) order by `stmts`.`AVG_TIMER_WAIT` desc */;
/*!50001 SET character_set_client      = @saved_cs_client */;
/*!50001 SET character_set_results     = @saved_cs_results */;
/*!50001 SET collation_connection      = @saved_col_connection */;

--
-- Final view structure for view `statements_with_sorting`
--

/*!50001 DROP VIEW IF EXISTS `statements_with_sorting`*/;
/*!50001 SET @saved_cs_client          = @@character_set_client */;
/*!50001 SET @saved_cs_results         = @@character_set_results */;
/*!50001 SET @saved_col_connection     = @@collation_connection */;
/*!50001 SET character_set_client      = utf8mb4 */;
/*!50001 SET character_set_results     = utf8mb4 */;
/*!50001 SET collation_connection      = utf8mb4_0900_ai_ci */;
/*!50001 CREATE ALGORITHM=MERGE */
/*!50013 DEFINER=`mysql.sys`@`localhost` SQL SECURITY INVOKER */
/*!50001 VIEW `statements_with_sorting` (`query`,`db`,`exec_count`,`total_latency`,`sort_merge_passes`,`avg_sort_merges`,`sorts_using_scans`,`sort_using_range`,`rows_sorted`,`avg_rows_sorted`,`first_seen`,`last_seen`,`digest`) AS select `sys`.`format_statement`(`performance_schema`.`events_statements_summary_by_digest`.`DIGEST_TEXT`) AS `query`,`performance_schema`.`events_statements_summary_by_digest`.`SCHEMA_NAME` AS `db`,`performance_schema`.`events_statements_summary_by_digest`.`COUNT_STAR` AS `exec_count`,format_pico_time(`performance_schema`.`events_statements_summary_by_digest`.`SUM_TIMER_WAIT`) AS `total_latency`,`performance_schema`.`events_statements_summary_by_digest`.`SUM_SORT_MERGE_PASSES` AS `sort_merge_passes`,round(ifnull((`performance_schema`.`events_statements_summary_by_digest`.`SUM_SORT_MERGE_PASSES` / nullif(`performance_schema`.`events_statements_summary_by_digest`.`COUNT_STAR`,0)),0),0) AS `avg_sort_merges`,`performance_schema`.`events_statements_summary_by_digest`.`SUM_SORT_SCAN` AS `sorts_using_scans`,`performance_schema`.`events_statements_summary_by_digest`.`SUM_SORT_RANGE` AS `sort_using_range`,`performance_schema`.`events_statements_summary_by_digest`.`SUM_SORT_ROWS` AS `rows_sorted`,round(ifnull((`performance_schema`.`events_statements_summary_by_digest`.`SUM_SORT_ROWS` / nullif(`performance_schema`.`events_statements_summary_by_digest`.`COUNT_STAR`,0)),0),0) AS `avg_rows_sorted`,`performance_schema`.`events_statements_summary_by_digest`.`FIRST_SEEN` AS `first_seen`,`performance_schema`.`events_statements_summary_by_digest`.`LAST_SEEN` AS `last_seen`,`performance_schema`.`events_statements_summary_by_digest`.`DIGEST` AS `digest` from `performance_schema`.`events_statements_summary_by_digest` where (`performance_schema`.`events_statements_summary_by_digest`.`SUM_SORT_ROWS` > 0) order by `performance_schema`.`events_statements_summary_by_digest`.`SUM_TIMER_WAIT` desc */;
/*!50001 SET character_set_client      = @saved_cs_client */;
/*!50001 SET character_set_results     = @saved_cs_results */;
/*!50001 SET collation_connection      = @saved_col_connection */;

--
-- Final view structure for view `statements_with_temp_tables`
--

/*!50001 DROP VIEW IF EXISTS `statements_with_temp_tables`*/;
/*!50001 SET @saved_cs_client          = @@character_set_client */;
/*!50001 SET @saved_cs_results         = @@character_set_results */;
/*!50001 SET @saved_col_connection     = @@collation_connection */;
/*!50001 SET character_set_client      = utf8mb4 */;
/*!50001 SET character_set_results     = utf8mb4 */;
/*!50001 SET collation_connection      = utf8mb4_0900_ai_ci */;
/*!50001 CREATE ALGORITHM=MERGE */
/*!50013 DEFINER=`mysql.sys`@`localhost` SQL SECURITY INVOKER */
/*!50001 VIEW `statements_with_temp_tables` (`query`,`db`,`exec_count`,`total_latency`,`memory_tmp_tables`,`disk_tmp_tables`,`avg_tmp_tables_per_query`,`tmp_tables_to_disk_pct`,`first_seen`,`last_seen`,`digest`) AS select `sys`.`format_statement`(`performance_schema`.`events_statements_summary_by_digest`.`DIGEST_TEXT`) AS `query`,`performance_schema`.`events_statements_summary_by_digest`.`SCHEMA_NAME` AS `db`,`performance_schema`.`events_statements_summary_by_digest`.`COUNT_STAR` AS `exec_count`,format_pico_time(`performance_schema`.`events_statements_summary_by_digest`.`SUM_TIMER_WAIT`) AS `total_latency`,`performance_schema`.`events_statements_summary_by_digest`.`SUM_CREATED_TMP_TABLES` AS `memory_tmp_tables`,`performance_schema`.`events_statements_summary_by_digest`.`SUM_CREATED_TMP_DISK_TABLES` AS `disk_tmp_tables`,round(ifnull((`performance_schema`.`events_statements_summary_by_digest`.`SUM_CREATED_TMP_TABLES` / nullif(`performance_schema`.`events_statements_summary_by_digest`.`COUNT_STAR`,0)),0),0) AS `avg_tmp_tables_per_query`,round((ifnull((`performance_schema`.`events_statements_summary_by_digest`.`SUM_CREATED_TMP_DISK_TABLES` / nullif(`performance_schema`.`events_statements_summary_by_digest`.`SUM_CREATED_TMP_TABLES`,0)),0) * 100),0) AS `tmp_tables_to_disk_pct`,`performance_schema`.`events_statements_summary_by_digest`.`FIRST_SEEN` AS `first_seen`,`performance_schema`.`events_statements_summary_by_digest`.`LAST_SEEN` AS `last_seen`,`performance_schema`.`events_statements_summary_by_digest`.`DIGEST` AS `digest` from `performance_schema`.`events_statements_summary_by_digest` where (`performance_schema`.`events_statements_summary_by_digest`.`SUM_CREATED_TMP_TABLES` > 0) order by `performance_schema`.`events_statements_summary_by_digest`.`SUM_CREATED_TMP_DISK_TABLES` desc,`performance_schema`.`events_statements_summary_by_digest`.`SUM_CREATED_TMP_TABLES` desc */;
/*!50001 SET character_set_client      = @saved_cs_client */;
/*!50001 SET character_set_results     = @saved_cs_results */;
/*!50001 SET collation_connection      = @saved_col_connection */;

--
-- Final view structure for view `user_summary`
--

/*!50001 DROP VIEW IF EXISTS `user_summary`*/;
/*!50001 SET @saved_cs_client          = @@character_set_client */;
/*!50001 SET @saved_cs_results         = @@character_set_results */;
/*!50001 SET @saved_col_connection     = @@collation_connection */;
/*!50001 SET character_set_client      = utf8mb4 */;
/*!50001 SET character_set_results     = utf8mb4 */;
/*!50001 SET collation_connection      = utf8mb4_0900_ai_ci */;
/*!50001 CREATE ALGORITHM=TEMPTABLE */
/*!50013 DEFINER=`mysql.sys`@`localhost` SQL SECURITY INVOKER */
/*!50001 VIEW `user_summary` (`user`,`statements`,`statement_latency`,`statement_avg_latency`,`table_scans`,`file_ios`,`file_io_latency`,`current_connections`,`total_connections`,`unique_hosts`,`current_memory`,`total_memory_allocated`) AS select if((`performance_schema`.`accounts`.`USER` is null),'background',`performance_schema`.`accounts`.`USER`) AS `user`,sum(`stmt`.`total`) AS `statements`,format_pico_time(sum(`stmt`.`total_latency`)) AS `statement_latency`,format_pico_time(ifnull((sum(`stmt`.`total_latency`) / nullif(sum(`stmt`.`total`),0)),0)) AS `statement_avg_latency`,sum(`stmt`.`full_scans`) AS `table_scans`,sum(`io`.`ios`) AS `file_ios`,format_pico_time(sum(`io`.`io_latency`)) AS `file_io_latency`,sum(`performance_schema`.`accounts`.`CURRENT_CONNECTIONS`) AS `current_connections`,sum(`performance_schema`.`accounts`.`TOTAL_CONNECTIONS`) AS `total_connections`,count(distinct `performance_schema`.`accounts`.`HOST`) AS `unique_hosts`,format_bytes(sum(`mem`.`current_allocated`)) AS `current_memory`,format_bytes(sum(`mem`.`total_allocated`)) AS `total_memory_allocated` from (((`performance_schema`.`accounts` left join `x$user_summary_by_statement_latency` `stmt` on((if((`performance_schema`.`accounts`.`USER` is null),'background',`performance_schema`.`accounts`.`USER`) = `stmt`.`user`))) left join `x$user_summary_by_file_io` `io` on((if((`performance_schema`.`accounts`.`USER` is null),'background',`performance_schema`.`accounts`.`USER`) = `io`.`user`))) left join `x$memory_by_user_by_current_bytes` `mem` on((if((`performance_schema`.`accounts`.`USER` is null),'background',`performance_schema`.`accounts`.`USER`) = `mem`.`user`))) group by if((`performance_schema`.`accounts`.`USER` is null),'background',`performance_schema`.`accounts`.`USER`) order by sum(`stmt`.`total_latency`) desc */;
/*!50001 SET character_set_client      = @saved_cs_client */;
/*!50001 SET character_set_results     = @saved_cs_results */;
/*!50001 SET collation_connection      = @saved_col_connection */;

--
-- Final view structure for view `user_summary_by_file_io`
--

/*!50001 DROP VIEW IF EXISTS `user_summary_by_file_io`*/;
/*!50001 SET @saved_cs_client          = @@character_set_client */;
/*!50001 SET @saved_cs_results         = @@character_set_results */;
/*!50001 SET @saved_col_connection     = @@collation_connection */;
/*!50001 SET character_set_client      = utf8mb4 */;
/*!50001 SET character_set_results     = utf8mb4 */;
/*!50001 SET collation_connection      = utf8mb4_0900_ai_ci */;
/*!50001 CREATE ALGORITHM=TEMPTABLE */
/*!50013 DEFINER=`mysql.sys`@`localhost` SQL SECURITY INVOKER */
/*!50001 VIEW `user_summary_by_file_io` (`user`,`ios`,`io_latency`) AS select if((`performance_schema`.`events_waits_summary_by_user_by_event_name`.`USER` is null),'background',`performance_schema`.`events_waits_summary_by_user_by_event_name`.`USER`) AS `user`,sum(`performance_schema`.`events_waits_summary_by_user_by_event_name`.`COUNT_STAR`) AS `ios`,format_pico_time(sum(`performance_schema`.`events_waits_summary_by_user_by_event_name`.`SUM_TIMER_WAIT`)) AS `io_latency` from `performance_schema`.`events_waits_summary_by_user_by_event_name` where (`performance_schema`.`events_waits_summary_by_user_by_event_name`.`EVENT_NAME` like 'wait/io/file/%') group by if((`performance_schema`.`events_waits_summary_by_user_by_event_name`.`USER` is null),'background',`performance_schema`.`events_waits_summary_by_user_by_event_name`.`USER`) order by sum(`performance_schema`.`events_waits_summary_by_user_by_event_name`.`SUM_TIMER_WAIT`) desc */;
/*!50001 SET character_set_client      = @saved_cs_client */;
/*!50001 SET character_set_results     = @saved_cs_results */;
/*!50001 SET collation_connection      = @saved_col_connection */;

--
-- Final view structure for view `user_summary_by_file_io_type`
--

/*!50001 DROP VIEW IF EXISTS `user_summary_by_file_io_type`*/;
/*!50001 SET @saved_cs_client          = @@character_set_client */;
/*!50001 SET @saved_cs_results         = @@character_set_results */;
/*!50001 SET @saved_col_connection     = @@collation_connection */;
/*!50001 SET character_set_client      = utf8mb4 */;
/*!50001 SET character_set_results     = utf8mb4 */;
/*!50001 SET collation_connection      = utf8mb4_0900_ai_ci */;
/*!50001 CREATE ALGORITHM=MERGE */
/*!50013 DEFINER=`mysql.sys`@`localhost` SQL SECURITY INVOKER */
/*!50001 VIEW `user_summary_by_file_io_type` (`user`,`event_name`,`total`,`latency`,`max_latency`) AS select if((`performance_schema`.`events_waits_summary_by_user_by_event_name`.`USER` is null),'background',`performance_schema`.`events_waits_summary_by_user_by_event_name`.`USER`) AS `user`,`performance_schema`.`events_waits_summary_by_user_by_event_name`.`EVENT_NAME` AS `event_name`,`performance_schema`.`events_waits_summary_by_user_by_event_name`.`COUNT_STAR` AS `total`,format_pico_time(`performance_schema`.`events_waits_summary_by_user_by_event_name`.`SUM_TIMER_WAIT`) AS `latency`,format_pico_time(`performance_schema`.`events_waits_summary_by_user_by_event_name`.`MAX_TIMER_WAIT`) AS `max_latency` from `performance_schema`.`events_waits_summary_by_user_by_event_name` where ((`performance_schema`.`events_waits_summary_by_user_by_event_name`.`EVENT_NAME` like 'wait/io/file%') and (`performance_schema`.`events_waits_summary_by_user_by_event_name`.`COUNT_STAR` > 0)) order by if((`performance_schema`.`events_waits_summary_by_user_by_event_name`.`USER` is null),'background',`performance_schema`.`events_waits_summary_by_user_by_event_name`.`USER`),`performance_schema`.`events_waits_summary_by_user_by_event_name`.`SUM_TIMER_WAIT` desc */;
/*!50001 SET character_set_client      = @saved_cs_client */;
/*!50001 SET character_set_results     = @saved_cs_results */;
/*!50001 SET collation_connection      = @saved_col_connection */;

--
-- Final view structure for view `user_summary_by_stages`
--

/*!50001 DROP VIEW IF EXISTS `user_summary_by_stages`*/;
/*!50001 SET @saved_cs_client          = @@character_set_client */;
/*!50001 SET @saved_cs_results         = @@character_set_results */;
/*!50001 SET @saved_col_connection     = @@collation_connection */;
/*!50001 SET character_set_client      = utf8mb4 */;
/*!50001 SET character_set_results     = utf8mb4 */;
/*!50001 SET collation_connection      = utf8mb4_0900_ai_ci */;
/*!50001 CREATE ALGORITHM=MERGE */
/*!50013 DEFINER=`mysql.sys`@`localhost` SQL SECURITY INVOKER */
/*!50001 VIEW `user_summary_by_stages` (`user`,`event_name`,`total`,`total_latency`,`avg_latency`) AS select if((`performance_schema`.`events_stages_summary_by_user_by_event_name`.`USER` is null),'background',`performance_schema`.`events_stages_summary_by_user_by_event_name`.`USER`) AS `user`,`performance_schema`.`events_stages_summary_by_user_by_event_name`.`EVENT_NAME` AS `event_name`,`performance_schema`.`events_stages_summary_by_user_by_event_name`.`COUNT_STAR` AS `total`,format_pico_time(`performance_schema`.`events_stages_summary_by_user_by_event_name`.`SUM_TIMER_WAIT`) AS `total_latency`,format_pico_time(`performance_schema`.`events_stages_summary_by_user_by_event_name`.`AVG_TIMER_WAIT`) AS `avg_latency` from `performance_schema`.`events_stages_summary_by_user_by_event_name` where (`performance_schema`.`events_stages_summary_by_user_by_event_name`.`SUM_TIMER_WAIT` <> 0) order by if((`performance_schema`.`events_stages_summary_by_user_by_event_name`.`USER` is null),'background',`performance_schema`.`events_stages_summary_by_user_by_event_name`.`USER`),`performance_schema`.`events_stages_summary_by_user_by_event_name`.`SUM_TIMER_WAIT` desc */;
/*!50001 SET character_set_client      = @saved_cs_client */;
/*!50001 SET character_set_results     = @saved_cs_results */;
/*!50001 SET collation_connection      = @saved_col_connection */;

--
-- Final view structure for view `user_summary_by_statement_latency`
--

/*!50001 DROP VIEW IF EXISTS `user_summary_by_statement_latency`*/;
/*!50001 SET @saved_cs_client          = @@character_set_client */;
/*!50001 SET @saved_cs_results         = @@character_set_results */;
/*!50001 SET @saved_col_connection     = @@collation_connection */;
/*!50001 SET character_set_client      = utf8mb4 */;
/*!50001 SET character_set_results     = utf8mb4 */;
/*!50001 SET collation_connection      = utf8mb4_0900_ai_ci */;
/*!50001 CREATE ALGORITHM=TEMPTABLE */
/*!50013 DEFINER=`mysql.sys`@`localhost` SQL SECURITY INVOKER */
/*!50001 VIEW `user_summary_by_statement_latency` (`user`,`total`,`total_latency`,`max_latency`,`lock_latency`,`rows_sent`,`rows_examined`,`rows_affected`,`full_scans`) AS select if((`performance_schema`.`events_statements_summary_by_user_by_event_name`.`USER` is null),'background',`performance_schema`.`events_statements_summary_by_user_by_event_name`.`USER`) AS `user`,sum(`performance_schema`.`events_statements_summary_by_user_by_event_name`.`COUNT_STAR`) AS `total`,format_pico_time(sum(`performance_schema`.`events_statements_summary_by_user_by_event_name`.`SUM_TIMER_WAIT`)) AS `total_latency`,format_pico_time(sum(`performance_schema`.`events_statements_summary_by_user_by_event_name`.`MAX_TIMER_WAIT`)) AS `max_latency`,format_pico_time(sum(`performance_schema`.`events_statements_summary_by_user_by_event_name`.`SUM_LOCK_TIME`)) AS `lock_latency`,sum(`performance_schema`.`events_statements_summary_by_user_by_event_name`.`SUM_ROWS_SENT`) AS `rows_sent`,sum(`performance_schema`.`events_statements_summary_by_user_by_event_name`.`SUM_ROWS_EXAMINED`) AS `rows_examined`,sum(`performance_schema`.`events_statements_summary_by_user_by_event_name`.`SUM_ROWS_AFFECTED`) AS `rows_affected`,(sum(`performance_schema`.`events_statements_summary_by_user_by_event_name`.`SUM_NO_INDEX_USED`) + sum(`performance_schema`.`events_statements_summary_by_user_by_event_name`.`SUM_NO_GOOD_INDEX_USED`)) AS `full_scans` from `performance_schema`.`events_statements_summary_by_user_by_event_name` group by if((`performance_schema`.`events_statements_summary_by_user_by_event_name`.`USER` is null),'background',`performance_schema`.`events_statements_summary_by_user_by_event_name`.`USER`) order by sum(`performance_schema`.`events_statements_summary_by_user_by_event_name`.`SUM_TIMER_WAIT`) desc */;
/*!50001 SET character_set_client      = @saved_cs_client */;
/*!50001 SET character_set_results     = @saved_cs_results */;
/*!50001 SET collation_connection      = @saved_col_connection */;

--
-- Final view structure for view `user_summary_by_statement_type`
--

/*!50001 DROP VIEW IF EXISTS `user_summary_by_statement_type`*/;
/*!50001 SET @saved_cs_client          = @@character_set_client */;
/*!50001 SET @saved_cs_results         = @@character_set_results */;
/*!50001 SET @saved_col_connection     = @@collation_connection */;
/*!50001 SET character_set_client      = utf8mb4 */;
/*!50001 SET character_set_results     = utf8mb4 */;
/*!50001 SET collation_connection      = utf8mb4_0900_ai_ci */;
/*!50001 CREATE ALGORITHM=MERGE */
/*!50013 DEFINER=`mysql.sys`@`localhost` SQL SECURITY INVOKER */
/*!50001 VIEW `user_summary_by_statement_type` (`user`,`statement`,`total`,`total_latency`,`max_latency`,`lock_latency`,`rows_sent`,`rows_examined`,`rows_affected`,`full_scans`) AS select if((`performance_schema`.`events_statements_summary_by_user_by_event_name`.`USER` is null),'background',`performance_schema`.`events_statements_summary_by_user_by_event_name`.`USER`) AS `user`,substring_index(`performance_schema`.`events_statements_summary_by_user_by_event_name`.`EVENT_NAME`,'/',-(1)) AS `statement`,`performance_schema`.`events_statements_summary_by_user_by_event_name`.`COUNT_STAR` AS `total`,format_pico_time(`performance_schema`.`events_statements_summary_by_user_by_event_name`.`SUM_TIMER_WAIT`) AS `total_latency`,format_pico_time(`performance_schema`.`events_statements_summary_by_user_by_event_name`.`MAX_TIMER_WAIT`) AS `max_latency`,format_pico_time(`performance_schema`.`events_statements_summary_by_user_by_event_name`.`SUM_LOCK_TIME`) AS `lock_latency`,`performance_schema`.`events_statements_summary_by_user_by_event_name`.`SUM_ROWS_SENT` AS `rows_sent`,`performance_schema`.`events_statements_summary_by_user_by_event_name`.`SUM_ROWS_EXAMINED` AS `rows_examined`,`performance_schema`.`events_statements_summary_by_user_by_event_name`.`SUM_ROWS_AFFECTED` AS `rows_affected`,(`performance_schema`.`events_statements_summary_by_user_by_event_name`.`SUM_NO_INDEX_USED` + `performance_schema`.`events_statements_summary_by_user_by_event_name`.`SUM_NO_GOOD_INDEX_USED`) AS `full_scans` from `performance_schema`.`events_statements_summary_by_user_by_event_name` where (`performance_schema`.`events_statements_summary_by_user_by_event_name`.`SUM_TIMER_WAIT` <> 0) order by if((`performance_schema`.`events_statements_summary_by_user_by_event_name`.`USER` is null),'background',`performance_schema`.`events_statements_summary_by_user_by_event_name`.`USER`),`performance_schema`.`events_statements_summary_by_user_by_event_name`.`SUM_TIMER_WAIT` desc */;
/*!50001 SET character_set_client      = @saved_cs_client */;
/*!50001 SET character_set_results     = @saved_cs_results */;
/*!50001 SET collation_connection      = @saved_col_connection */;

--
-- Final view structure for view `version`
--

/*!50001 DROP VIEW IF EXISTS `version`*/;
/*!50001 SET @saved_cs_client          = @@character_set_client */;
/*!50001 SET @saved_cs_results         = @@character_set_results */;
/*!50001 SET @saved_col_connection     = @@collation_connection */;
/*!50001 SET character_set_client      = utf8mb4 */;
/*!50001 SET character_set_results     = utf8mb4 */;
/*!50001 SET collation_connection      = utf8mb4_0900_ai_ci */;
/*!50001 CREATE ALGORITHM=UNDEFINED */
/*!50013 DEFINER=`mysql.sys`@`localhost` SQL SECURITY INVOKER */
/*!50001 VIEW `version` (`sys_version`,`mysql_version`) AS select '2.1.1' AS `sys_version`,version() AS `mysql_version` */;
/*!50001 SET character_set_client      = @saved_cs_client */;
/*!50001 SET character_set_results     = @saved_cs_results */;
/*!50001 SET collation_connection      = @saved_col_connection */;

--
-- Final view structure for view `wait_classes_global_by_avg_latency`
--

/*!50001 DROP VIEW IF EXISTS `wait_classes_global_by_avg_latency`*/;
/*!50001 SET @saved_cs_client          = @@character_set_client */;
/*!50001 SET @saved_cs_results         = @@character_set_results */;
/*!50001 SET @saved_col_connection     = @@collation_connection */;
/*!50001 SET character_set_client      = utf8mb4 */;
/*!50001 SET character_set_results     = utf8mb4 */;
/*!50001 SET collation_connection      = utf8mb4_0900_ai_ci */;
/*!50001 CREATE ALGORITHM=TEMPTABLE */
/*!50013 DEFINER=`mysql.sys`@`localhost` SQL SECURITY INVOKER */
/*!50001 VIEW `wait_classes_global_by_avg_latency` (`event_class`,`total`,`total_latency`,`min_latency`,`avg_latency`,`max_latency`) AS select substring_index(`performance_schema`.`events_waits_summary_global_by_event_name`.`EVENT_NAME`,'/',3) AS `event_class`,sum(`performance_schema`.`events_waits_summary_global_by_event_name`.`COUNT_STAR`) AS `total`,format_pico_time(cast(sum(`performance_schema`.`events_waits_summary_global_by_event_name`.`SUM_TIMER_WAIT`) as unsigned)) AS `total_latency`,format_pico_time(min(`performance_schema`.`events_waits_summary_global_by_event_name`.`MIN_TIMER_WAIT`)) AS `min_latency`,format_pico_time(ifnull((sum(`performance_schema`.`events_waits_summary_global_by_event_name`.`SUM_TIMER_WAIT`) / nullif(sum(`performance_schema`.`events_waits_summary_global_by_event_name`.`COUNT_STAR`),0)),0)) AS `avg_latency`,format_pico_time(cast(max(`performance_schema`.`events_waits_summary_global_by_event_name`.`MAX_TIMER_WAIT`) as unsigned)) AS `max_latency` from `performance_schema`.`events_waits_summary_global_by_event_name` where ((`performance_schema`.`events_waits_summary_global_by_event_name`.`SUM_TIMER_WAIT` > 0) and (`performance_schema`.`events_waits_summary_global_by_event_name`.`EVENT_NAME` <> 'idle')) group by `event_class` order by ifnull((sum(`performance_schema`.`events_waits_summary_global_by_event_name`.`SUM_TIMER_WAIT`) / nullif(sum(`performance_schema`.`events_waits_summary_global_by_event_name`.`COUNT_STAR`),0)),0) desc */;
/*!50001 SET character_set_client      = @saved_cs_client */;
/*!50001 SET character_set_results     = @saved_cs_results */;
/*!50001 SET collation_connection      = @saved_col_connection */;

--
-- Final view structure for view `wait_classes_global_by_latency`
--

/*!50001 DROP VIEW IF EXISTS `wait_classes_global_by_latency`*/;
/*!50001 SET @saved_cs_client          = @@character_set_client */;
/*!50001 SET @saved_cs_results         = @@character_set_results */;
/*!50001 SET @saved_col_connection     = @@collation_connection */;
/*!50001 SET character_set_client      = utf8mb4 */;
/*!50001 SET character_set_results     = utf8mb4 */;
/*!50001 SET collation_connection      = utf8mb4_0900_ai_ci */;
/*!50001 CREATE ALGORITHM=TEMPTABLE */
/*!50013 DEFINER=`mysql.sys`@`localhost` SQL SECURITY INVOKER */
/*!50001 VIEW `wait_classes_global_by_latency` (`event_class`,`total`,`total_latency`,`min_latency`,`avg_latency`,`max_latency`) AS select substring_index(`performance_schema`.`events_waits_summary_global_by_event_name`.`EVENT_NAME`,'/',3) AS `event_class`,sum(`performance_schema`.`events_waits_summary_global_by_event_name`.`COUNT_STAR`) AS `total`,format_pico_time(sum(`performance_schema`.`events_waits_summary_global_by_event_name`.`SUM_TIMER_WAIT`)) AS `total_latency`,format_pico_time(min(`performance_schema`.`events_waits_summary_global_by_event_name`.`MIN_TIMER_WAIT`)) AS `min_latency`,format_pico_time(ifnull((sum(`performance_schema`.`events_waits_summary_global_by_event_name`.`SUM_TIMER_WAIT`) / nullif(sum(`performance_schema`.`events_waits_summary_global_by_event_name`.`COUNT_STAR`),0)),0)) AS `avg_latency`,format_pico_time(max(`performance_schema`.`events_waits_summary_global_by_event_name`.`MAX_TIMER_WAIT`)) AS `max_latency` from `performance_schema`.`events_waits_summary_global_by_event_name` where ((`performance_schema`.`events_waits_summary_global_by_event_name`.`SUM_TIMER_WAIT` > 0) and (`performance_schema`.`events_waits_summary_global_by_event_name`.`EVENT_NAME` <> 'idle')) group by substring_index(`performance_schema`.`events_waits_summary_global_by_event_name`.`EVENT_NAME`,'/',3) order by sum(`performance_schema`.`events_waits_summary_global_by_event_name`.`SUM_TIMER_WAIT`) desc */;
/*!50001 SET character_set_client      = @saved_cs_client */;
/*!50001 SET character_set_results     = @saved_cs_results */;
/*!50001 SET collation_connection      = @saved_col_connection */;

--
-- Final view structure for view `waits_by_host_by_latency`
--

/*!50001 DROP VIEW IF EXISTS `waits_by_host_by_latency`*/;
/*!50001 SET @saved_cs_client          = @@character_set_client */;
/*!50001 SET @saved_cs_results         = @@character_set_results */;
/*!50001 SET @saved_col_connection     = @@collation_connection */;
/*!50001 SET character_set_client      = utf8mb4 */;
/*!50001 SET character_set_results     = utf8mb4 */;
/*!50001 SET collation_connection      = utf8mb4_0900_ai_ci */;
/*!50001 CREATE ALGORITHM=MERGE */
/*!50013 DEFINER=`mysql.sys`@`localhost` SQL SECURITY INVOKER */
/*!50001 VIEW `waits_by_host_by_latency` (`host`,`event`,`total`,`total_latency`,`avg_latency`,`max_latency`) AS select if((`performance_schema`.`events_waits_summary_by_host_by_event_name`.`HOST` is null),'background',`performance_schema`.`events_waits_summary_by_host_by_event_name`.`HOST`) AS `host`,`performance_schema`.`events_waits_summary_by_host_by_event_name`.`EVENT_NAME` AS `event`,`performance_schema`.`events_waits_summary_by_host_by_event_name`.`COUNT_STAR` AS `total`,format_pico_time(`performance_schema`.`events_waits_summary_by_host_by_event_name`.`SUM_TIMER_WAIT`) AS `total_latency`,format_pico_time(`performance_schema`.`events_waits_summary_by_host_by_event_name`.`AVG_TIMER_WAIT`) AS `avg_latency`,format_pico_time(`performance_schema`.`events_waits_summary_by_host_by_event_name`.`MAX_TIMER_WAIT`) AS `max_latency` from `performance_schema`.`events_waits_summary_by_host_by_event_name` where ((`performance_schema`.`events_waits_summary_by_host_by_event_name`.`EVENT_NAME` <> 'idle') and (`performance_schema`.`events_waits_summary_by_host_by_event_name`.`SUM_TIMER_WAIT` > 0)) order by if((`performance_schema`.`events_waits_summary_by_host_by_event_name`.`HOST` is null),'background',`performance_schema`.`events_waits_summary_by_host_by_event_name`.`HOST`),`performance_schema`.`events_waits_summary_by_host_by_event_name`.`SUM_TIMER_WAIT` desc */;
/*!50001 SET character_set_client      = @saved_cs_client */;
/*!50001 SET character_set_results     = @saved_cs_results */;
/*!50001 SET collation_connection      = @saved_col_connection */;

--
-- Final view structure for view `waits_by_user_by_latency`
--

/*!50001 DROP VIEW IF EXISTS `waits_by_user_by_latency`*/;
/*!50001 SET @saved_cs_client          = @@character_set_client */;
/*!50001 SET @saved_cs_results         = @@character_set_results */;
/*!50001 SET @saved_col_connection     = @@collation_connection */;
/*!50001 SET character_set_client      = utf8mb4 */;
/*!50001 SET character_set_results     = utf8mb4 */;
/*!50001 SET collation_connection      = utf8mb4_0900_ai_ci */;
/*!50001 CREATE ALGORITHM=MERGE */
/*!50013 DEFINER=`mysql.sys`@`localhost` SQL SECURITY INVOKER */
/*!50001 VIEW `waits_by_user_by_latency` (`user`,`event`,`total`,`total_latency`,`avg_latency`,`max_latency`) AS select if((`performance_schema`.`events_waits_summary_by_user_by_event_name`.`USER` is null),'background',`performance_schema`.`events_waits_summary_by_user_by_event_name`.`USER`) AS `user`,`performance_schema`.`events_waits_summary_by_user_by_event_name`.`EVENT_NAME` AS `event`,`performance_schema`.`events_waits_summary_by_user_by_event_name`.`COUNT_STAR` AS `total`,format_pico_time(`performance_schema`.`events_waits_summary_by_user_by_event_name`.`SUM_TIMER_WAIT`) AS `total_latency`,format_pico_time(`performance_schema`.`events_waits_summary_by_user_by_event_name`.`AVG_TIMER_WAIT`) AS `avg_latency`,format_pico_time(`performance_schema`.`events_waits_summary_by_user_by_event_name`.`MAX_TIMER_WAIT`) AS `max_latency` from `performance_schema`.`events_waits_summary_by_user_by_event_name` where ((`performance_schema`.`events_waits_summary_by_user_by_event_name`.`EVENT_NAME` <> 'idle') and (`performance_schema`.`events_waits_summary_by_user_by_event_name`.`USER` is not null) and (`performance_schema`.`events_waits_summary_by_user_by_event_name`.`SUM_TIMER_WAIT` > 0)) order by if((`performance_schema`.`events_waits_summary_by_user_by_event_name`.`USER` is null),'background',`performance_schema`.`events_waits_summary_by_user_by_event_name`.`USER`),`performance_schema`.`events_waits_summary_by_user_by_event_name`.`SUM_TIMER_WAIT` desc */;
/*!50001 SET character_set_client      = @saved_cs_client */;
/*!50001 SET character_set_results     = @saved_cs_results */;
/*!50001 SET collation_connection      = @saved_col_connection */;

--
-- Final view structure for view `waits_global_by_latency`
--

/*!50001 DROP VIEW IF EXISTS `waits_global_by_latency`*/;
/*!50001 SET @saved_cs_client          = @@character_set_client */;
/*!50001 SET @saved_cs_results         = @@character_set_results */;
/*!50001 SET @saved_col_connection     = @@collation_connection */;
/*!50001 SET character_set_client      = utf8mb4 */;
/*!50001 SET character_set_results     = utf8mb4 */;
/*!50001 SET collation_connection      = utf8mb4_0900_ai_ci */;
/*!50001 CREATE ALGORITHM=MERGE */
/*!50013 DEFINER=`mysql.sys`@`localhost` SQL SECURITY INVOKER */
/*!50001 VIEW `waits_global_by_latency` (`events`,`total`,`total_latency`,`avg_latency`,`max_latency`) AS select `performance_schema`.`events_waits_summary_global_by_event_name`.`EVENT_NAME` AS `event`,`performance_schema`.`events_waits_summary_global_by_event_name`.`COUNT_STAR` AS `total`,format_pico_time(`performance_schema`.`events_waits_summary_global_by_event_name`.`SUM_TIMER_WAIT`) AS `total_latency`,format_pico_time(`performance_schema`.`events_waits_summary_global_by_event_name`.`AVG_TIMER_WAIT`) AS `avg_latency`,format_pico_time(`performance_schema`.`events_waits_summary_global_by_event_name`.`MAX_TIMER_WAIT`) AS `max_latency` from `performance_schema`.`events_waits_summary_global_by_event_name` where ((`performance_schema`.`events_waits_summary_global_by_event_name`.`EVENT_NAME` <> 'idle') and (`performance_schema`.`events_waits_summary_global_by_event_name`.`SUM_TIMER_WAIT` > 0)) order by `performance_schema`.`events_waits_summary_global_by_event_name`.`SUM_TIMER_WAIT` desc */;
/*!50001 SET character_set_client      = @saved_cs_client */;
/*!50001 SET character_set_results     = @saved_cs_results */;
/*!50001 SET collation_connection      = @saved_col_connection */;

--
-- Final view structure for view `x$host_summary`
--

/*!50001 DROP VIEW IF EXISTS `x$host_summary`*/;
/*!50001 SET @saved_cs_client          = @@character_set_client */;
/*!50001 SET @saved_cs_results         = @@character_set_results */;
/*!50001 SET @saved_col_connection     = @@collation_connection */;
/*!50001 SET character_set_client      = utf8mb4 */;
/*!50001 SET character_set_results     = utf8mb4 */;
/*!50001 SET collation_connection      = utf8mb4_0900_ai_ci */;
/*!50001 CREATE ALGORITHM=TEMPTABLE */
/*!50013 DEFINER=`mysql.sys`@`localhost` SQL SECURITY INVOKER */
/*!50001 VIEW `x$host_summary` (`host`,`statements`,`statement_latency`,`statement_avg_latency`,`table_scans`,`file_ios`,`file_io_latency`,`current_connections`,`total_connections`,`unique_users`,`current_memory`,`total_memory_allocated`) AS select if((`performance_schema`.`accounts`.`HOST` is null),'background',`performance_schema`.`accounts`.`HOST`) AS `host`,sum(`stmt`.`total`) AS `statements`,sum(`stmt`.`total_latency`) AS `statement_latency`,(sum(`stmt`.`total_latency`) / sum(`stmt`.`total`)) AS `statement_avg_latency`,sum(`stmt`.`full_scans`) AS `table_scans`,sum(`io`.`ios`) AS `file_ios`,sum(`io`.`io_latency`) AS `file_io_latency`,sum(`performance_schema`.`accounts`.`CURRENT_CONNECTIONS`) AS `current_connections`,sum(`performance_schema`.`accounts`.`TOTAL_CONNECTIONS`) AS `total_connections`,count(distinct `performance_schema`.`accounts`.`USER`) AS `unique_users`,sum(`mem`.`current_allocated`) AS `current_memory`,sum(`mem`.`total_allocated`) AS `total_memory_allocated` from (((`performance_schema`.`accounts` join `x$host_summary_by_statement_latency` `stmt` on((`performance_schema`.`accounts`.`HOST` = `stmt`.`host`))) join `x$host_summary_by_file_io` `io` on((`performance_schema`.`accounts`.`HOST` = `io`.`host`))) join `x$memory_by_host_by_current_bytes` `mem` on((`performance_schema`.`accounts`.`HOST` = `mem`.`host`))) group by if((`performance_schema`.`accounts`.`HOST` is null),'background',`performance_schema`.`accounts`.`HOST`) */;
/*!50001 SET character_set_client      = @saved_cs_client */;
/*!50001 SET character_set_results     = @saved_cs_results */;
/*!50001 SET collation_connection      = @saved_col_connection */;

--
-- Final view structure for view `x$host_summary_by_file_io`
--

/*!50001 DROP VIEW IF EXISTS `x$host_summary_by_file_io`*/;
/*!50001 SET @saved_cs_client          = @@character_set_client */;
/*!50001 SET @saved_cs_results         = @@character_set_results */;
/*!50001 SET @saved_col_connection     = @@collation_connection */;
/*!50001 SET character_set_client      = utf8mb4 */;
/*!50001 SET character_set_results     = utf8mb4 */;
/*!50001 SET collation_connection      = utf8mb4_0900_ai_ci */;
/*!50001 CREATE ALGORITHM=TEMPTABLE */
/*!50013 DEFINER=`mysql.sys`@`localhost` SQL SECURITY INVOKER */
/*!50001 VIEW `x$host_summary_by_file_io` (`host`,`ios`,`io_latency`) AS select if((`performance_schema`.`events_waits_summary_by_host_by_event_name`.`HOST` is null),'background',`performance_schema`.`events_waits_summary_by_host_by_event_name`.`HOST`) AS `host`,sum(`performance_schema`.`events_waits_summary_by_host_by_event_name`.`COUNT_STAR`) AS `ios`,sum(`performance_schema`.`events_waits_summary_by_host_by_event_name`.`SUM_TIMER_WAIT`) AS `io_latency` from `performance_schema`.`events_waits_summary_by_host_by_event_name` where (`performance_schema`.`events_waits_summary_by_host_by_event_name`.`EVENT_NAME` like 'wait/io/file/%') group by if((`performance_schema`.`events_waits_summary_by_host_by_event_name`.`HOST` is null),'background',`performance_schema`.`events_waits_summary_by_host_by_event_name`.`HOST`) order by sum(`performance_schema`.`events_waits_summary_by_host_by_event_name`.`SUM_TIMER_WAIT`) desc */;
/*!50001 SET character_set_client      = @saved_cs_client */;
/*!50001 SET character_set_results     = @saved_cs_results */;
/*!50001 SET collation_connection      = @saved_col_connection */;

--
-- Final view structure for view `x$host_summary_by_file_io_type`
--

/*!50001 DROP VIEW IF EXISTS `x$host_summary_by_file_io_type`*/;
/*!50001 SET @saved_cs_client          = @@character_set_client */;
/*!50001 SET @saved_cs_results         = @@character_set_results */;
/*!50001 SET @saved_col_connection     = @@collation_connection */;
/*!50001 SET character_set_client      = utf8mb4 */;
/*!50001 SET character_set_results     = utf8mb4 */;
/*!50001 SET collation_connection      = utf8mb4_0900_ai_ci */;
/*!50001 CREATE ALGORITHM=MERGE */
/*!50013 DEFINER=`mysql.sys`@`localhost` SQL SECURITY INVOKER */
/*!50001 VIEW `x$host_summary_by_file_io_type` (`host`,`event_name`,`total`,`total_latency`,`max_latency`) AS select if((`performance_schema`.`events_waits_summary_by_host_by_event_name`.`HOST` is null),'background',`performance_schema`.`events_waits_summary_by_host_by_event_name`.`HOST`) AS `host`,`performance_schema`.`events_waits_summary_by_host_by_event_name`.`EVENT_NAME` AS `event_name`,`performance_schema`.`events_waits_summary_by_host_by_event_name`.`COUNT_STAR` AS `total`,`performance_schema`.`events_waits_summary_by_host_by_event_name`.`SUM_TIMER_WAIT` AS `total_latency`,`performance_schema`.`events_waits_summary_by_host_by_event_name`.`MAX_TIMER_WAIT` AS `max_latency` from `performance_schema`.`events_waits_summary_by_host_by_event_name` where ((`performance_schema`.`events_waits_summary_by_host_by_event_name`.`EVENT_NAME` like 'wait/io/file%') and (`performance_schema`.`events_waits_summary_by_host_by_event_name`.`COUNT_STAR` > 0)) order by if((`performance_schema`.`events_waits_summary_by_host_by_event_name`.`HOST` is null),'background',`performance_schema`.`events_waits_summary_by_host_by_event_name`.`HOST`),`performance_schema`.`events_waits_summary_by_host_by_event_name`.`SUM_TIMER_WAIT` desc */;
/*!50001 SET character_set_client      = @saved_cs_client */;
/*!50001 SET character_set_results     = @saved_cs_results */;
/*!50001 SET collation_connection      = @saved_col_connection */;

--
-- Final view structure for view `x$host_summary_by_stages`
--

/*!50001 DROP VIEW IF EXISTS `x$host_summary_by_stages`*/;
/*!50001 SET @saved_cs_client          = @@character_set_client */;
/*!50001 SET @saved_cs_results         = @@character_set_results */;
/*!50001 SET @saved_col_connection     = @@collation_connection */;
/*!50001 SET character_set_client      = utf8mb4 */;
/*!50001 SET character_set_results     = utf8mb4 */;
/*!50001 SET collation_connection      = utf8mb4_0900_ai_ci */;
/*!50001 CREATE ALGORITHM=MERGE */
/*!50013 DEFINER=`mysql.sys`@`localhost` SQL SECURITY INVOKER */
/*!50001 VIEW `x$host_summary_by_stages` (`host`,`event_name`,`total`,`total_latency`,`avg_latency`) AS select if((`performance_schema`.`events_stages_summary_by_host_by_event_name`.`HOST` is null),'background',`performance_schema`.`events_stages_summary_by_host_by_event_name`.`HOST`) AS `host`,`performance_schema`.`events_stages_summary_by_host_by_event_name`.`EVENT_NAME` AS `event_name`,`performance_schema`.`events_stages_summary_by_host_by_event_name`.`COUNT_STAR` AS `total`,`performance_schema`.`events_stages_summary_by_host_by_event_name`.`SUM_TIMER_WAIT` AS `total_latency`,`performance_schema`.`events_stages_summary_by_host_by_event_name`.`AVG_TIMER_WAIT` AS `avg_latency` from `performance_schema`.`events_stages_summary_by_host_by_event_name` where (`performance_schema`.`events_stages_summary_by_host_by_event_name`.`SUM_TIMER_WAIT` <> 0) order by if((`performance_schema`.`events_stages_summary_by_host_by_event_name`.`HOST` is null),'background',`performance_schema`.`events_stages_summary_by_host_by_event_name`.`HOST`),`performance_schema`.`events_stages_summary_by_host_by_event_name`.`SUM_TIMER_WAIT` desc */;
/*!50001 SET character_set_client      = @saved_cs_client */;
/*!50001 SET character_set_results     = @saved_cs_results */;
/*!50001 SET collation_connection      = @saved_col_connection */;

--
-- Final view structure for view `x$host_summary_by_statement_latency`
--

/*!50001 DROP VIEW IF EXISTS `x$host_summary_by_statement_latency`*/;
/*!50001 SET @saved_cs_client          = @@character_set_client */;
/*!50001 SET @saved_cs_results         = @@character_set_results */;
/*!50001 SET @saved_col_connection     = @@collation_connection */;
/*!50001 SET character_set_client      = utf8mb4 */;
/*!50001 SET character_set_results     = utf8mb4 */;
/*!50001 SET collation_connection      = utf8mb4_0900_ai_ci */;
/*!50001 CREATE ALGORITHM=TEMPTABLE */
/*!50013 DEFINER=`mysql.sys`@`localhost` SQL SECURITY INVOKER */
/*!50001 VIEW `x$host_summary_by_statement_latency` (`host`,`total`,`total_latency`,`max_latency`,`lock_latency`,`rows_sent`,`rows_examined`,`rows_affected`,`full_scans`) AS select if((`performance_schema`.`events_statements_summary_by_host_by_event_name`.`HOST` is null),'background',`performance_schema`.`events_statements_summary_by_host_by_event_name`.`HOST`) AS `host`,sum(`performance_schema`.`events_statements_summary_by_host_by_event_name`.`COUNT_STAR`) AS `total`,sum(`performance_schema`.`events_statements_summary_by_host_by_event_name`.`SUM_TIMER_WAIT`) AS `total_latency`,max(`performance_schema`.`events_statements_summary_by_host_by_event_name`.`MAX_TIMER_WAIT`) AS `max_latency`,sum(`performance_schema`.`events_statements_summary_by_host_by_event_name`.`SUM_LOCK_TIME`) AS `lock_latency`,sum(`performance_schema`.`events_statements_summary_by_host_by_event_name`.`SUM_ROWS_SENT`) AS `rows_sent`,sum(`performance_schema`.`events_statements_summary_by_host_by_event_name`.`SUM_ROWS_EXAMINED`) AS `rows_examined`,sum(`performance_schema`.`events_statements_summary_by_host_by_event_name`.`SUM_ROWS_AFFECTED`) AS `rows_affected`,(sum(`performance_schema`.`events_statements_summary_by_host_by_event_name`.`SUM_NO_INDEX_USED`) + sum(`performance_schema`.`events_statements_summary_by_host_by_event_name`.`SUM_NO_GOOD_INDEX_USED`)) AS `full_scans` from `performance_schema`.`events_statements_summary_by_host_by_event_name` group by if((`performance_schema`.`events_statements_summary_by_host_by_event_name`.`HOST` is null),'background',`performance_schema`.`events_statements_summary_by_host_by_event_name`.`HOST`) order by sum(`performance_schema`.`events_statements_summary_by_host_by_event_name`.`SUM_TIMER_WAIT`) desc */;
/*!50001 SET character_set_client      = @saved_cs_client */;
/*!50001 SET character_set_results     = @saved_cs_results */;
/*!50001 SET collation_connection      = @saved_col_connection */;

--
-- Final view structure for view `x$host_summary_by_statement_type`
--

/*!50001 DROP VIEW IF EXISTS `x$host_summary_by_statement_type`*/;
/*!50001 SET @saved_cs_client          = @@character_set_client */;
/*!50001 SET @saved_cs_results         = @@character_set_results */;
/*!50001 SET @saved_col_connection     = @@collation_connection */;
/*!50001 SET character_set_client      = utf8mb4 */;
/*!50001 SET character_set_results     = utf8mb4 */;
/*!50001 SET collation_connection      = utf8mb4_0900_ai_ci */;
/*!50001 CREATE ALGORITHM=MERGE */
/*!50013 DEFINER=`mysql.sys`@`localhost` SQL SECURITY INVOKER */
/*!50001 VIEW `x$host_summary_by_statement_type` (`host`,`statement`,`total`,`total_latency`,`max_latency`,`lock_latency`,`rows_sent`,`rows_examined`,`rows_affected`,`full_scans`) AS select if((`performance_schema`.`events_statements_summary_by_host_by_event_name`.`HOST` is null),'background',`performance_schema`.`events_statements_summary_by_host_by_event_name`.`HOST`) AS `host`,substring_index(`performance_schema`.`events_statements_summary_by_host_by_event_name`.`EVENT_NAME`,'/',-(1)) AS `statement`,`performance_schema`.`events_statements_summary_by_host_by_event_name`.`COUNT_STAR` AS `total`,`performance_schema`.`events_statements_summary_by_host_by_event_name`.`SUM_TIMER_WAIT` AS `total_latency`,`performance_schema`.`events_statements_summary_by_host_by_event_name`.`MAX_TIMER_WAIT` AS `max_latency`,`performance_schema`.`events_statements_summary_by_host_by_event_name`.`SUM_LOCK_TIME` AS `lock_latency`,`performance_schema`.`events_statements_summary_by_host_by_event_name`.`SUM_ROWS_SENT` AS `rows_sent`,`performance_schema`.`events_statements_summary_by_host_by_event_name`.`SUM_ROWS_EXAMINED` AS `rows_examined`,`performance_schema`.`events_statements_summary_by_host_by_event_name`.`SUM_ROWS_AFFECTED` AS `rows_affected`,(`performance_schema`.`events_statements_summary_by_host_by_event_name`.`SUM_NO_INDEX_USED` + `performance_schema`.`events_statements_summary_by_host_by_event_name`.`SUM_NO_GOOD_INDEX_USED`) AS `full_scans` from `performance_schema`.`events_statements_summary_by_host_by_event_name` where (`performance_schema`.`events_statements_summary_by_host_by_event_name`.`SUM_TIMER_WAIT` <> 0) order by if((`performance_schema`.`events_statements_summary_by_host_by_event_name`.`HOST` is null),'background',`performance_schema`.`events_statements_summary_by_host_by_event_name`.`HOST`),`performance_schema`.`events_statements_summary_by_host_by_event_name`.`SUM_TIMER_WAIT` desc */;
/*!50001 SET character_set_client      = @saved_cs_client */;
/*!50001 SET character_set_results     = @saved_cs_results */;
/*!50001 SET collation_connection      = @saved_col_connection */;

--
-- Final view structure for view `x$innodb_buffer_stats_by_schema`
--

/*!50001 DROP VIEW IF EXISTS `x$innodb_buffer_stats_by_schema`*/;
/*!50001 SET @saved_cs_client          = @@character_set_client */;
/*!50001 SET @saved_cs_results         = @@character_set_results */;
/*!50001 SET @saved_col_connection     = @@collation_connection */;
/*!50001 SET character_set_client      = utf8mb4 */;
/*!50001 SET character_set_results     = utf8mb4 */;
/*!50001 SET collation_connection      = utf8mb4_0900_ai_ci */;
/*!50001 CREATE ALGORITHM=TEMPTABLE */
/*!50013 DEFINER=`mysql.sys`@`localhost` SQL SECURITY INVOKER */
/*!50001 VIEW `x$innodb_buffer_stats_by_schema` (`object_schema`,`allocated`,`data`,`pages`,`pages_hashed`,`pages_old`,`rows_cached`) AS select if((locate('.',`ibp`.`TABLE_NAME`) = 0),'InnoDB System',replace(substring_index(`ibp`.`TABLE_NAME`,'.',1),'`','')) AS `object_schema`,sum(if((`ibp`.`COMPRESSED_SIZE` = 0),16384,`ibp`.`COMPRESSED_SIZE`)) AS `allocated`,sum(`ibp`.`DATA_SIZE`) AS `data`,count(`ibp`.`PAGE_NUMBER`) AS `pages`,count(if((`ibp`.`IS_HASHED` = 'YES'),1,NULL)) AS `pages_hashed`,count(if((`ibp`.`IS_OLD` = 'YES'),1,NULL)) AS `pages_old`,round(ifnull((sum(`ibp`.`NUMBER_RECORDS`) / nullif(count(distinct `ibp`.`INDEX_NAME`),0)),0),0) AS `rows_cached` from `information_schema`.`INNODB_BUFFER_PAGE` `ibp` where (`ibp`.`TABLE_NAME` is not null) group by `object_schema` order by sum(if((`ibp`.`COMPRESSED_SIZE` = 0),16384,`ibp`.`COMPRESSED_SIZE`)) desc */;
/*!50001 SET character_set_client      = @saved_cs_client */;
/*!50001 SET character_set_results     = @saved_cs_results */;
/*!50001 SET collation_connection      = @saved_col_connection */;

--
-- Final view structure for view `x$innodb_buffer_stats_by_table`
--

/*!50001 DROP VIEW IF EXISTS `x$innodb_buffer_stats_by_table`*/;
/*!50001 SET @saved_cs_client          = @@character_set_client */;
/*!50001 SET @saved_cs_results         = @@character_set_results */;
/*!50001 SET @saved_col_connection     = @@collation_connection */;
/*!50001 SET character_set_client      = utf8mb4 */;
/*!50001 SET character_set_results     = utf8mb4 */;
/*!50001 SET collation_connection      = utf8mb4_0900_ai_ci */;
/*!50001 CREATE ALGORITHM=TEMPTABLE */
/*!50013 DEFINER=`mysql.sys`@`localhost` SQL SECURITY INVOKER */
/*!50001 VIEW `x$innodb_buffer_stats_by_table` (`object_schema`,`object_name`,`allocated`,`data`,`pages`,`pages_hashed`,`pages_old`,`rows_cached`) AS select if((locate('.',`ibp`.`TABLE_NAME`) = 0),'InnoDB System',replace(substring_index(`ibp`.`TABLE_NAME`,'.',1),'`','')) AS `object_schema`,replace(substring_index(`ibp`.`TABLE_NAME`,'.',-(1)),'`','') AS `object_name`,sum(if((`ibp`.`COMPRESSED_SIZE` = 0),16384,`ibp`.`COMPRESSED_SIZE`)) AS `allocated`,sum(`ibp`.`DATA_SIZE`) AS `data`,count(`ibp`.`PAGE_NUMBER`) AS `pages`,count(if((`ibp`.`IS_HASHED` = 'YES'),1,NULL)) AS `pages_hashed`,count(if((`ibp`.`IS_OLD` = 'YES'),1,NULL)) AS `pages_old`,round(ifnull((sum(`ibp`.`NUMBER_RECORDS`) / nullif(count(distinct `ibp`.`INDEX_NAME`),0)),0),0) AS `rows_cached` from `information_schema`.`INNODB_BUFFER_PAGE` `ibp` where (`ibp`.`TABLE_NAME` is not null) group by `object_schema`,`object_name` order by sum(if((`ibp`.`COMPRESSED_SIZE` = 0),16384,`ibp`.`COMPRESSED_SIZE`)) desc */;
/*!50001 SET character_set_client      = @saved_cs_client */;
/*!50001 SET character_set_results     = @saved_cs_results */;
/*!50001 SET collation_connection      = @saved_col_connection */;

--
-- Final view structure for view `x$innodb_lock_waits`
--

/*!50001 DROP VIEW IF EXISTS `x$innodb_lock_waits`*/;
/*!50001 SET @saved_cs_client          = @@character_set_client */;
/*!50001 SET @saved_cs_results         = @@character_set_results */;
/*!50001 SET @saved_col_connection     = @@collation_connection */;
/*!50001 SET character_set_client      = utf8mb4 */;
/*!50001 SET character_set_results     = utf8mb4 */;
/*!50001 SET collation_connection      = utf8mb4_0900_ai_ci */;
/*!50001 CREATE ALGORITHM=TEMPTABLE */
/*!50013 DEFINER=`mysql.sys`@`localhost` SQL SECURITY INVOKER */
/*!50001 VIEW `x$innodb_lock_waits` (`wait_started`,`wait_age`,`wait_age_secs`,`locked_table`,`locked_table_schema`,`locked_table_name`,`locked_table_partition`,`locked_table_subpartition`,`locked_index`,`locked_type`,`waiting_trx_id`,`waiting_trx_started`,`waiting_trx_age`,`waiting_trx_rows_locked`,`waiting_trx_rows_modified`,`waiting_pid`,`waiting_query`,`waiting_lock_id`,`waiting_lock_mode`,`blocking_trx_id`,`blocking_pid`,`blocking_query`,`blocking_lock_id`,`blocking_lock_mode`,`blocking_trx_started`,`blocking_trx_age`,`blocking_trx_rows_locked`,`blocking_trx_rows_modified`,`sql_kill_blocking_query`,`sql_kill_blocking_connection`) AS select `r`.`trx_wait_started` AS `wait_started`,timediff(now(),`r`.`trx_wait_started`) AS `wait_age`,timestampdiff(SECOND,`r`.`trx_wait_started`,now()) AS `wait_age_secs`,concat(`sys`.`quote_identifier`(`rl`.`OBJECT_SCHEMA`),'.',`sys`.`quote_identifier`(`rl`.`OBJECT_NAME`)) AS `locked_table`,`rl`.`OBJECT_SCHEMA` AS `locked_table_schema`,`rl`.`OBJECT_NAME` AS `locked_table_name`,`rl`.`PARTITION_NAME` AS `locked_table_partition`,`rl`.`SUBPARTITION_NAME` AS `locked_table_subpartition`,`rl`.`INDEX_NAME` AS `locked_index`,`rl`.`LOCK_TYPE` AS `locked_type`,`r`.`trx_id` AS `waiting_trx_id`,`r`.`trx_started` AS `waiting_trx_started`,timediff(now(),`r`.`trx_started`) AS `waiting_trx_age`,`r`.`trx_rows_locked` AS `waiting_trx_rows_locked`,`r`.`trx_rows_modified` AS `waiting_trx_rows_modified`,`r`.`trx_mysql_thread_id` AS `waiting_pid`,`r`.`trx_query` AS `waiting_query`,`rl`.`ENGINE_LOCK_ID` AS `waiting_lock_id`,`rl`.`LOCK_MODE` AS `waiting_lock_mode`,`b`.`trx_id` AS `blocking_trx_id`,`b`.`trx_mysql_thread_id` AS `blocking_pid`,`b`.`trx_query` AS `blocking_query`,`bl`.`ENGINE_LOCK_ID` AS `blocking_lock_id`,`bl`.`LOCK_MODE` AS `blocking_lock_mode`,`b`.`trx_started` AS `blocking_trx_started`,timediff(now(),`b`.`trx_started`) AS `blocking_trx_age`,`b`.`trx_rows_locked` AS `blocking_trx_rows_locked`,`b`.`trx_rows_modified` AS `blocking_trx_rows_modified`,concat('KILL QUERY ',`b`.`trx_mysql_thread_id`) AS `sql_kill_blocking_query`,concat('KILL ',`b`.`trx_mysql_thread_id`) AS `sql_kill_blocking_connection` from ((((`performance_schema`.`data_lock_waits` `w` join `information_schema`.`INNODB_TRX` `b` on((`b`.`trx_id` = cast(`w`.`BLOCKING_ENGINE_TRANSACTION_ID` as char charset utf8mb4)))) join `information_schema`.`INNODB_TRX` `r` on((`r`.`trx_id` = cast(`w`.`REQUESTING_ENGINE_TRANSACTION_ID` as char charset utf8mb4)))) join `performance_schema`.`data_locks` `bl` on((`bl`.`ENGINE_LOCK_ID` = `w`.`BLOCKING_ENGINE_LOCK_ID`))) join `performance_schema`.`data_locks` `rl` on((`rl`.`ENGINE_LOCK_ID` = `w`.`REQUESTING_ENGINE_LOCK_ID`))) order by `r`.`trx_wait_started` */;
/*!50001 SET character_set_client      = @saved_cs_client */;
/*!50001 SET character_set_results     = @saved_cs_results */;
/*!50001 SET collation_connection      = @saved_col_connection */;

--
-- Final view structure for view `x$io_by_thread_by_latency`
--

/*!50001 DROP VIEW IF EXISTS `x$io_by_thread_by_latency`*/;
/*!50001 SET @saved_cs_client          = @@character_set_client */;
/*!50001 SET @saved_cs_results         = @@character_set_results */;
/*!50001 SET @saved_col_connection     = @@collation_connection */;
/*!50001 SET character_set_client      = utf8mb4 */;
/*!50001 SET character_set_results     = utf8mb4 */;
/*!50001 SET collation_connection      = utf8mb4_0900_ai_ci */;
/*!50001 CREATE ALGORITHM=TEMPTABLE */
/*!50013 DEFINER=`mysql.sys`@`localhost` SQL SECURITY INVOKER */
/*!50001 VIEW `x$io_by_thread_by_latency` (`user`,`total`,`total_latency`,`min_latency`,`avg_latency`,`max_latency`,`thread_id`,`processlist_id`) AS select if((`performance_schema`.`threads`.`PROCESSLIST_ID` is null),substring_index(`performance_schema`.`threads`.`NAME`,'/',-(1)),concat(`performance_schema`.`threads`.`PROCESSLIST_USER`,'@',convert(`performance_schema`.`threads`.`PROCESSLIST_HOST` using utf8mb4))) AS `user`,sum(`performance_schema`.`events_waits_summary_by_thread_by_event_name`.`COUNT_STAR`) AS `total`,sum(`performance_schema`.`events_waits_summary_by_thread_by_event_name`.`SUM_TIMER_WAIT`) AS `total_latency`,min(`performance_schema`.`events_waits_summary_by_thread_by_event_name`.`MIN_TIMER_WAIT`) AS `min_latency`,avg(`performance_schema`.`events_waits_summary_by_thread_by_event_name`.`AVG_TIMER_WAIT`) AS `avg_latency`,max(`performance_schema`.`events_waits_summary_by_thread_by_event_name`.`MAX_TIMER_WAIT`) AS `max_latency`,`performance_schema`.`events_waits_summary_by_thread_by_event_name`.`THREAD_ID` AS `thread_id`,`performance_schema`.`threads`.`PROCESSLIST_ID` AS `processlist_id` from (`performance_schema`.`events_waits_summary_by_thread_by_event_name` left join `performance_schema`.`threads` on((`performance_schema`.`events_waits_summary_by_thread_by_event_name`.`THREAD_ID` = `performance_schema`.`threads`.`THREAD_ID`))) where ((`performance_schema`.`events_waits_summary_by_thread_by_event_name`.`EVENT_NAME` like 'wait/io/file/%') and (`performance_schema`.`events_waits_summary_by_thread_by_event_name`.`SUM_TIMER_WAIT` > 0)) group by `performance_schema`.`events_waits_summary_by_thread_by_event_name`.`THREAD_ID`,`performance_schema`.`threads`.`PROCESSLIST_ID`,`user` order by sum(`performance_schema`.`events_waits_summary_by_thread_by_event_name`.`SUM_TIMER_WAIT`) desc */;
/*!50001 SET character_set_client      = @saved_cs_client */;
/*!50001 SET character_set_results     = @saved_cs_results */;
/*!50001 SET collation_connection      = @saved_col_connection */;

--
-- Final view structure for view `x$io_global_by_file_by_bytes`
--

/*!50001 DROP VIEW IF EXISTS `x$io_global_by_file_by_bytes`*/;
/*!50001 SET @saved_cs_client          = @@character_set_client */;
/*!50001 SET @saved_cs_results         = @@character_set_results */;
/*!50001 SET @saved_col_connection     = @@collation_connection */;
/*!50001 SET character_set_client      = utf8mb4 */;
/*!50001 SET character_set_results     = utf8mb4 */;
/*!50001 SET collation_connection      = utf8mb4_0900_ai_ci */;
/*!50001 CREATE ALGORITHM=MERGE */
/*!50013 DEFINER=`mysql.sys`@`localhost` SQL SECURITY INVOKER */
/*!50001 VIEW `x$io_global_by_file_by_bytes` (`file`,`count_read`,`total_read`,`avg_read`,`count_write`,`total_written`,`avg_write`,`total`,`write_pct`) AS select `performance_schema`.`file_summary_by_instance`.`FILE_NAME` AS `file`,`performance_schema`.`file_summary_by_instance`.`COUNT_READ` AS `count_read`,`performance_schema`.`file_summary_by_instance`.`SUM_NUMBER_OF_BYTES_READ` AS `total_read`,ifnull((`performance_schema`.`file_summary_by_instance`.`SUM_NUMBER_OF_BYTES_READ` / nullif(`performance_schema`.`file_summary_by_instance`.`COUNT_READ`,0)),0) AS `avg_read`,`performance_schema`.`file_summary_by_instance`.`COUNT_WRITE` AS `count_write`,`performance_schema`.`file_summary_by_instance`.`SUM_NUMBER_OF_BYTES_WRITE` AS `total_written`,ifnull((`performance_schema`.`file_summary_by_instance`.`SUM_NUMBER_OF_BYTES_WRITE` / nullif(`performance_schema`.`file_summary_by_instance`.`COUNT_WRITE`,0)),0.00) AS `avg_write`,(`performance_schema`.`file_summary_by_instance`.`SUM_NUMBER_OF_BYTES_READ` + `performance_schema`.`file_summary_by_instance`.`SUM_NUMBER_OF_BYTES_WRITE`) AS `total`,ifnull(round((100 - ((`performance_schema`.`file_summary_by_instance`.`SUM_NUMBER_OF_BYTES_READ` / nullif((`performance_schema`.`file_summary_by_instance`.`SUM_NUMBER_OF_BYTES_READ` + `performance_schema`.`file_summary_by_instance`.`SUM_NUMBER_OF_BYTES_WRITE`),0)) * 100)),2),0.00) AS `write_pct` from `performance_schema`.`file_summary_by_instance` order by (`performance_schema`.`file_summary_by_instance`.`SUM_NUMBER_OF_BYTES_READ` + `performance_schema`.`file_summary_by_instance`.`SUM_NUMBER_OF_BYTES_WRITE`) desc */;
/*!50001 SET character_set_client      = @saved_cs_client */;
/*!50001 SET character_set_results     = @saved_cs_results */;
/*!50001 SET collation_connection      = @saved_col_connection */;

--
-- Final view structure for view `x$io_global_by_file_by_latency`
--

/*!50001 DROP VIEW IF EXISTS `x$io_global_by_file_by_latency`*/;
/*!50001 SET @saved_cs_client          = @@character_set_client */;
/*!50001 SET @saved_cs_results         = @@character_set_results */;
/*!50001 SET @saved_col_connection     = @@collation_connection */;
/*!50001 SET character_set_client      = utf8mb4 */;
/*!50001 SET character_set_results     = utf8mb4 */;
/*!50001 SET collation_connection      = utf8mb4_0900_ai_ci */;
/*!50001 CREATE ALGORITHM=MERGE */
/*!50013 DEFINER=`mysql.sys`@`localhost` SQL SECURITY INVOKER */
/*!50001 VIEW `x$io_global_by_file_by_latency` (`file`,`total`,`total_latency`,`count_read`,`read_latency`,`count_write`,`write_latency`,`count_misc`,`misc_latency`) AS select `performance_schema`.`file_summary_by_instance`.`FILE_NAME` AS `file`,`performance_schema`.`file_summary_by_instance`.`COUNT_STAR` AS `total`,`performance_schema`.`file_summary_by_instance`.`SUM_TIMER_WAIT` AS `total_latency`,`performance_schema`.`file_summary_by_instance`.`COUNT_READ` AS `count_read`,`performance_schema`.`file_summary_by_instance`.`SUM_TIMER_READ` AS `read_latency`,`performance_schema`.`file_summary_by_instance`.`COUNT_WRITE` AS `count_write`,`performance_schema`.`file_summary_by_instance`.`SUM_TIMER_WRITE` AS `write_latency`,`performance_schema`.`file_summary_by_instance`.`COUNT_MISC` AS `count_misc`,`performance_schema`.`file_summary_by_instance`.`SUM_TIMER_MISC` AS `misc_latency` from `performance_schema`.`file_summary_by_instance` order by `performance_schema`.`file_summary_by_instance`.`SUM_TIMER_WAIT` desc */;
/*!50001 SET character_set_client      = @saved_cs_client */;
/*!50001 SET character_set_results     = @saved_cs_results */;
/*!50001 SET collation_connection      = @saved_col_connection */;

--
-- Final view structure for view `x$io_global_by_wait_by_bytes`
--

/*!50001 DROP VIEW IF EXISTS `x$io_global_by_wait_by_bytes`*/;
/*!50001 SET @saved_cs_client          = @@character_set_client */;
/*!50001 SET @saved_cs_results         = @@character_set_results */;
/*!50001 SET @saved_col_connection     = @@collation_connection */;
/*!50001 SET character_set_client      = utf8mb4 */;
/*!50001 SET character_set_results     = utf8mb4 */;
/*!50001 SET collation_connection      = utf8mb4_0900_ai_ci */;
/*!50001 CREATE ALGORITHM=MERGE */
/*!50013 DEFINER=`mysql.sys`@`localhost` SQL SECURITY INVOKER */
/*!50001 VIEW `x$io_global_by_wait_by_bytes` (`event_name`,`total`,`total_latency`,`min_latency`,`avg_latency`,`max_latency`,`count_read`,`total_read`,`avg_read`,`count_write`,`total_written`,`avg_written`,`total_requested`) AS select substring_index(`performance_schema`.`file_summary_by_event_name`.`EVENT_NAME`,'/',-(2)) AS `event_name`,`performance_schema`.`file_summary_by_event_name`.`COUNT_STAR` AS `total`,`performance_schema`.`file_summary_by_event_name`.`SUM_TIMER_WAIT` AS `total_latency`,`performance_schema`.`file_summary_by_event_name`.`MIN_TIMER_WAIT` AS `min_latency`,`performance_schema`.`file_summary_by_event_name`.`AVG_TIMER_WAIT` AS `avg_latency`,`performance_schema`.`file_summary_by_event_name`.`MAX_TIMER_WAIT` AS `max_latency`,`performance_schema`.`file_summary_by_event_name`.`COUNT_READ` AS `count_read`,`performance_schema`.`file_summary_by_event_name`.`SUM_NUMBER_OF_BYTES_READ` AS `total_read`,ifnull((`performance_schema`.`file_summary_by_event_name`.`SUM_NUMBER_OF_BYTES_READ` / nullif(`performance_schema`.`file_summary_by_event_name`.`COUNT_READ`,0)),0) AS `avg_read`,`performance_schema`.`file_summary_by_event_name`.`COUNT_WRITE` AS `count_write`,`performance_schema`.`file_summary_by_event_name`.`SUM_NUMBER_OF_BYTES_WRITE` AS `total_written`,ifnull((`performance_schema`.`file_summary_by_event_name`.`SUM_NUMBER_OF_BYTES_WRITE` / nullif(`performance_schema`.`file_summary_by_event_name`.`COUNT_WRITE`,0)),0) AS `avg_written`,(`performance_schema`.`file_summary_by_event_name`.`SUM_NUMBER_OF_BYTES_WRITE` + `performance_schema`.`file_summary_by_event_name`.`SUM_NUMBER_OF_BYTES_READ`) AS `total_requested` from `performance_schema`.`file_summary_by_event_name` where ((`performance_schema`.`file_summary_by_event_name`.`EVENT_NAME` like 'wait/io/file/%') and (`performance_schema`.`file_summary_by_event_name`.`COUNT_STAR` > 0)) order by (`performance_schema`.`file_summary_by_event_name`.`SUM_NUMBER_OF_BYTES_WRITE` + `performance_schema`.`file_summary_by_event_name`.`SUM_NUMBER_OF_BYTES_READ`) desc */;
/*!50001 SET character_set_client      = @saved_cs_client */;
/*!50001 SET character_set_results     = @saved_cs_results */;
/*!50001 SET collation_connection      = @saved_col_connection */;

--
-- Final view structure for view `x$io_global_by_wait_by_latency`
--

/*!50001 DROP VIEW IF EXISTS `x$io_global_by_wait_by_latency`*/;
/*!50001 SET @saved_cs_client          = @@character_set_client */;
/*!50001 SET @saved_cs_results         = @@character_set_results */;
/*!50001 SET @saved_col_connection     = @@collation_connection */;
/*!50001 SET character_set_client      = utf8mb4 */;
/*!50001 SET character_set_results     = utf8mb4 */;
/*!50001 SET collation_connection      = utf8mb4_0900_ai_ci */;
/*!50001 CREATE ALGORITHM=MERGE */
/*!50013 DEFINER=`mysql.sys`@`localhost` SQL SECURITY INVOKER */
/*!50001 VIEW `x$io_global_by_wait_by_latency` (`event_name`,`total`,`total_latency`,`avg_latency`,`max_latency`,`read_latency`,`write_latency`,`misc_latency`,`count_read`,`total_read`,`avg_read`,`count_write`,`total_written`,`avg_written`) AS select substring_index(`performance_schema`.`file_summary_by_event_name`.`EVENT_NAME`,'/',-(2)) AS `event_name`,`performance_schema`.`file_summary_by_event_name`.`COUNT_STAR` AS `total`,`performance_schema`.`file_summary_by_event_name`.`SUM_TIMER_WAIT` AS `total_latency`,`performance_schema`.`file_summary_by_event_name`.`AVG_TIMER_WAIT` AS `avg_latency`,`performance_schema`.`file_summary_by_event_name`.`MAX_TIMER_WAIT` AS `max_latency`,`performance_schema`.`file_summary_by_event_name`.`SUM_TIMER_READ` AS `read_latency`,`performance_schema`.`file_summary_by_event_name`.`SUM_TIMER_WRITE` AS `write_latency`,`performance_schema`.`file_summary_by_event_name`.`SUM_TIMER_MISC` AS `misc_latency`,`performance_schema`.`file_summary_by_event_name`.`COUNT_READ` AS `count_read`,`performance_schema`.`file_summary_by_event_name`.`SUM_NUMBER_OF_BYTES_READ` AS `total_read`,ifnull((`performance_schema`.`file_summary_by_event_name`.`SUM_NUMBER_OF_BYTES_READ` / nullif(`performance_schema`.`file_summary_by_event_name`.`COUNT_READ`,0)),0) AS `avg_read`,`performance_schema`.`file_summary_by_event_name`.`COUNT_WRITE` AS `count_write`,`performance_schema`.`file_summary_by_event_name`.`SUM_NUMBER_OF_BYTES_WRITE` AS `total_written`,ifnull((`performance_schema`.`file_summary_by_event_name`.`SUM_NUMBER_OF_BYTES_WRITE` / nullif(`performance_schema`.`file_summary_by_event_name`.`COUNT_WRITE`,0)),0) AS `avg_written` from `performance_schema`.`file_summary_by_event_name` where ((`performance_schema`.`file_summary_by_event_name`.`EVENT_NAME` like 'wait/io/file/%') and (`performance_schema`.`file_summary_by_event_name`.`COUNT_STAR` > 0)) order by `performance_schema`.`file_summary_by_event_name`.`SUM_TIMER_WAIT` desc */;
/*!50001 SET character_set_client      = @saved_cs_client */;
/*!50001 SET character_set_results     = @saved_cs_results */;
/*!50001 SET collation_connection      = @saved_col_connection */;

--
-- Final view structure for view `x$latest_file_io`
--

/*!50001 DROP VIEW IF EXISTS `x$latest_file_io`*/;
/*!50001 SET @saved_cs_client          = @@character_set_client */;
/*!50001 SET @saved_cs_results         = @@character_set_results */;
/*!50001 SET @saved_col_connection     = @@collation_connection */;
/*!50001 SET character_set_client      = utf8mb4 */;
/*!50001 SET character_set_results     = utf8mb4 */;
/*!50001 SET collation_connection      = utf8mb4_0900_ai_ci */;
/*!50001 CREATE ALGORITHM=MERGE */
/*!50013 DEFINER=`mysql.sys`@`localhost` SQL SECURITY INVOKER */
/*!50001 VIEW `x$latest_file_io` (`thread`,`file`,`latency`,`operation`,`requested`) AS select if((`information_schema`.`processlist`.`ID` is null),concat(substring_index(`performance_schema`.`threads`.`NAME`,'/',-(1)),':',`performance_schema`.`events_waits_history_long`.`THREAD_ID`),convert(concat(`information_schema`.`processlist`.`USER`,'@',`information_schema`.`processlist`.`HOST`,':',`information_schema`.`processlist`.`ID`) using utf8mb4)) AS `thread`,`performance_schema`.`events_waits_history_long`.`OBJECT_NAME` AS `file`,`performance_schema`.`events_waits_history_long`.`TIMER_WAIT` AS `latency`,`performance_schema`.`events_waits_history_long`.`OPERATION` AS `operation`,`performance_schema`.`events_waits_history_long`.`NUMBER_OF_BYTES` AS `requested` from ((`performance_schema`.`events_waits_history_long` join `performance_schema`.`threads` on((`performance_schema`.`events_waits_history_long`.`THREAD_ID` = `performance_schema`.`threads`.`THREAD_ID`))) left join `information_schema`.`PROCESSLIST` on((`performance_schema`.`threads`.`PROCESSLIST_ID` = `information_schema`.`processlist`.`ID`))) where ((`performance_schema`.`events_waits_history_long`.`OBJECT_NAME` is not null) and (`performance_schema`.`events_waits_history_long`.`EVENT_NAME` like 'wait/io/file/%')) order by `performance_schema`.`events_waits_history_long`.`TIMER_START` */;
/*!50001 SET character_set_client      = @saved_cs_client */;
/*!50001 SET character_set_results     = @saved_cs_results */;
/*!50001 SET collation_connection      = @saved_col_connection */;

--
-- Final view structure for view `x$memory_by_host_by_current_bytes`
--

/*!50001 DROP VIEW IF EXISTS `x$memory_by_host_by_current_bytes`*/;
/*!50001 SET @saved_cs_client          = @@character_set_client */;
/*!50001 SET @saved_cs_results         = @@character_set_results */;
/*!50001 SET @saved_col_connection     = @@collation_connection */;
/*!50001 SET character_set_client      = utf8mb4 */;
/*!50001 SET character_set_results     = utf8mb4 */;
/*!50001 SET collation_connection      = utf8mb4_0900_ai_ci */;
/*!50001 CREATE ALGORITHM=TEMPTABLE */
/*!50013 DEFINER=`mysql.sys`@`localhost` SQL SECURITY INVOKER */
/*!50001 VIEW `x$memory_by_host_by_current_bytes` (`host`,`current_count_used`,`current_allocated`,`current_avg_alloc`,`current_max_alloc`,`total_allocated`) AS select if((`performance_schema`.`memory_summary_by_host_by_event_name`.`HOST` is null),'background',`performance_schema`.`memory_summary_by_host_by_event_name`.`HOST`) AS `host`,sum(`performance_schema`.`memory_summary_by_host_by_event_name`.`CURRENT_COUNT_USED`) AS `current_count_used`,sum(`performance_schema`.`memory_summary_by_host_by_event_name`.`CURRENT_NUMBER_OF_BYTES_USED`) AS `current_allocated`,ifnull((sum(`performance_schema`.`memory_summary_by_host_by_event_name`.`CURRENT_NUMBER_OF_BYTES_USED`) / nullif(sum(`performance_schema`.`memory_summary_by_host_by_event_name`.`CURRENT_COUNT_USED`),0)),0) AS `current_avg_alloc`,max(`performance_schema`.`memory_summary_by_host_by_event_name`.`CURRENT_NUMBER_OF_BYTES_USED`) AS `current_max_alloc`,sum(`performance_schema`.`memory_summary_by_host_by_event_name`.`SUM_NUMBER_OF_BYTES_ALLOC`) AS `total_allocated` from `performance_schema`.`memory_summary_by_host_by_event_name` group by if((`performance_schema`.`memory_summary_by_host_by_event_name`.`HOST` is null),'background',`performance_schema`.`memory_summary_by_host_by_event_name`.`HOST`) order by sum(`performance_schema`.`memory_summary_by_host_by_event_name`.`CURRENT_NUMBER_OF_BYTES_USED`) desc */;
/*!50001 SET character_set_client      = @saved_cs_client */;
/*!50001 SET character_set_results     = @saved_cs_results */;
/*!50001 SET collation_connection      = @saved_col_connection */;

--
-- Final view structure for view `x$memory_by_thread_by_current_bytes`
--

/*!50001 DROP VIEW IF EXISTS `x$memory_by_thread_by_current_bytes`*/;
/*!50001 SET @saved_cs_client          = @@character_set_client */;
/*!50001 SET @saved_cs_results         = @@character_set_results */;
/*!50001 SET @saved_col_connection     = @@collation_connection */;
/*!50001 SET character_set_client      = utf8mb4 */;
/*!50001 SET character_set_results     = utf8mb4 */;
/*!50001 SET collation_connection      = utf8mb4_0900_ai_ci */;
/*!50001 CREATE ALGORITHM=TEMPTABLE */
/*!50013 DEFINER=`mysql.sys`@`localhost` SQL SECURITY INVOKER */
/*!50001 VIEW `x$memory_by_thread_by_current_bytes` (`thread_id`,`user`,`current_count_used`,`current_allocated`,`current_avg_alloc`,`current_max_alloc`,`total_allocated`) AS select `t`.`THREAD_ID` AS `thread_id`,if((`t`.`NAME` = 'thread/sql/one_connection'),concat(`t`.`PROCESSLIST_USER`,'@',convert(`t`.`PROCESSLIST_HOST` using utf8mb4)),replace(`t`.`NAME`,'thread/','')) AS `user`,sum(`mt`.`CURRENT_COUNT_USED`) AS `current_count_used`,sum(`mt`.`CURRENT_NUMBER_OF_BYTES_USED`) AS `current_allocated`,ifnull((sum(`mt`.`CURRENT_NUMBER_OF_BYTES_USED`) / nullif(sum(`mt`.`CURRENT_COUNT_USED`),0)),0) AS `current_avg_alloc`,max(`mt`.`CURRENT_NUMBER_OF_BYTES_USED`) AS `current_max_alloc`,sum(`mt`.`SUM_NUMBER_OF_BYTES_ALLOC`) AS `total_allocated` from (`performance_schema`.`memory_summary_by_thread_by_event_name` `mt` join `performance_schema`.`threads` `t` on((`mt`.`THREAD_ID` = `t`.`THREAD_ID`))) group by `t`.`THREAD_ID`,if((`t`.`NAME` = 'thread/sql/one_connection'),concat(`t`.`PROCESSLIST_USER`,'@',convert(`t`.`PROCESSLIST_HOST` using utf8mb4)),replace(`t`.`NAME`,'thread/','')) order by sum(`mt`.`CURRENT_NUMBER_OF_BYTES_USED`) desc */;
/*!50001 SET character_set_client      = @saved_cs_client */;
/*!50001 SET character_set_results     = @saved_cs_results */;
/*!50001 SET collation_connection      = @saved_col_connection */;

--
-- Final view structure for view `x$memory_by_user_by_current_bytes`
--

/*!50001 DROP VIEW IF EXISTS `x$memory_by_user_by_current_bytes`*/;
/*!50001 SET @saved_cs_client          = @@character_set_client */;
/*!50001 SET @saved_cs_results         = @@character_set_results */;
/*!50001 SET @saved_col_connection     = @@collation_connection */;
/*!50001 SET character_set_client      = utf8mb4 */;
/*!50001 SET character_set_results     = utf8mb4 */;
/*!50001 SET collation_connection      = utf8mb4_0900_ai_ci */;
/*!50001 CREATE ALGORITHM=TEMPTABLE */
/*!50013 DEFINER=`mysql.sys`@`localhost` SQL SECURITY INVOKER */
/*!50001 VIEW `x$memory_by_user_by_current_bytes` (`user`,`current_count_used`,`current_allocated`,`current_avg_alloc`,`current_max_alloc`,`total_allocated`) AS select if((`performance_schema`.`memory_summary_by_user_by_event_name`.`USER` is null),'background',`performance_schema`.`memory_summary_by_user_by_event_name`.`USER`) AS `user`,sum(`performance_schema`.`memory_summary_by_user_by_event_name`.`CURRENT_COUNT_USED`) AS `current_count_used`,sum(`performance_schema`.`memory_summary_by_user_by_event_name`.`CURRENT_NUMBER_OF_BYTES_USED`) AS `current_allocated`,ifnull((sum(`performance_schema`.`memory_summary_by_user_by_event_name`.`CURRENT_NUMBER_OF_BYTES_USED`) / nullif(sum(`performance_schema`.`memory_summary_by_user_by_event_name`.`CURRENT_COUNT_USED`),0)),0) AS `current_avg_alloc`,max(`performance_schema`.`memory_summary_by_user_by_event_name`.`CURRENT_NUMBER_OF_BYTES_USED`) AS `current_max_alloc`,sum(`performance_schema`.`memory_summary_by_user_by_event_name`.`SUM_NUMBER_OF_BYTES_ALLOC`) AS `total_allocated` from `performance_schema`.`memory_summary_by_user_by_event_name` group by if((`performance_schema`.`memory_summary_by_user_by_event_name`.`USER` is null),'background',`performance_schema`.`memory_summary_by_user_by_event_name`.`USER`) order by sum(`performance_schema`.`memory_summary_by_user_by_event_name`.`CURRENT_NUMBER_OF_BYTES_USED`) desc */;
/*!50001 SET character_set_client      = @saved_cs_client */;
/*!50001 SET character_set_results     = @saved_cs_results */;
/*!50001 SET collation_connection      = @saved_col_connection */;

--
-- Final view structure for view `x$memory_global_by_current_bytes`
--

/*!50001 DROP VIEW IF EXISTS `x$memory_global_by_current_bytes`*/;
/*!50001 SET @saved_cs_client          = @@character_set_client */;
/*!50001 SET @saved_cs_results         = @@character_set_results */;
/*!50001 SET @saved_col_connection     = @@collation_connection */;
/*!50001 SET character_set_client      = utf8mb4 */;
/*!50001 SET character_set_results     = utf8mb4 */;
/*!50001 SET collation_connection      = utf8mb4_0900_ai_ci */;
/*!50001 CREATE ALGORITHM=MERGE */
/*!50013 DEFINER=`mysql.sys`@`localhost` SQL SECURITY INVOKER */
/*!50001 VIEW `x$memory_global_by_current_bytes` (`event_name`,`current_count`,`current_alloc`,`current_avg_alloc`,`high_count`,`high_alloc`,`high_avg_alloc`) AS select `performance_schema`.`memory_summary_global_by_event_name`.`EVENT_NAME` AS `event_name`,`performance_schema`.`memory_summary_global_by_event_name`.`CURRENT_COUNT_USED` AS `current_count`,`performance_schema`.`memory_summary_global_by_event_name`.`CURRENT_NUMBER_OF_BYTES_USED` AS `current_alloc`,ifnull((`performance_schema`.`memory_summary_global_by_event_name`.`CURRENT_NUMBER_OF_BYTES_USED` / nullif(`performance_schema`.`memory_summary_global_by_event_name`.`CURRENT_COUNT_USED`,0)),0) AS `current_avg_alloc`,`performance_schema`.`memory_summary_global_by_event_name`.`HIGH_COUNT_USED` AS `high_count`,`performance_schema`.`memory_summary_global_by_event_name`.`HIGH_NUMBER_OF_BYTES_USED` AS `high_alloc`,ifnull((`performance_schema`.`memory_summary_global_by_event_name`.`HIGH_NUMBER_OF_BYTES_USED` / nullif(`performance_schema`.`memory_summary_global_by_event_name`.`HIGH_COUNT_USED`,0)),0) AS `high_avg_alloc` from `performance_schema`.`memory_summary_global_by_event_name` where (`performance_schema`.`memory_summary_global_by_event_name`.`CURRENT_NUMBER_OF_BYTES_USED` > 0) order by `performance_schema`.`memory_summary_global_by_event_name`.`CURRENT_NUMBER_OF_BYTES_USED` desc */;
/*!50001 SET character_set_client      = @saved_cs_client */;
/*!50001 SET character_set_results     = @saved_cs_results */;
/*!50001 SET collation_connection      = @saved_col_connection */;

--
-- Final view structure for view `x$memory_global_total`
--

/*!50001 DROP VIEW IF EXISTS `x$memory_global_total`*/;
/*!50001 SET @saved_cs_client          = @@character_set_client */;
/*!50001 SET @saved_cs_results         = @@character_set_results */;
/*!50001 SET @saved_col_connection     = @@collation_connection */;
/*!50001 SET character_set_client      = utf8mb4 */;
/*!50001 SET character_set_results     = utf8mb4 */;
/*!50001 SET collation_connection      = utf8mb4_0900_ai_ci */;
/*!50001 CREATE ALGORITHM=TEMPTABLE */
/*!50013 DEFINER=`mysql.sys`@`localhost` SQL SECURITY INVOKER */
/*!50001 VIEW `x$memory_global_total` (`total_allocated`) AS select sum(`performance_schema`.`memory_summary_global_by_event_name`.`CURRENT_NUMBER_OF_BYTES_USED`) AS `total_allocated` from `performance_schema`.`memory_summary_global_by_event_name` */;
/*!50001 SET character_set_client      = @saved_cs_client */;
/*!50001 SET character_set_results     = @saved_cs_results */;
/*!50001 SET collation_connection      = @saved_col_connection */;

--
-- Final view structure for view `x$processlist`
--

/*!50001 DROP VIEW IF EXISTS `x$processlist`*/;
/*!50001 SET @saved_cs_client          = @@character_set_client */;
/*!50001 SET @saved_cs_results         = @@character_set_results */;
/*!50001 SET @saved_col_connection     = @@collation_connection */;
/*!50001 SET character_set_client      = utf8mb4 */;
/*!50001 SET character_set_results     = utf8mb4 */;
/*!50001 SET collation_connection      = utf8mb4_0900_ai_ci */;
/*!50001 CREATE ALGORITHM=TEMPTABLE */
/*!50013 DEFINER=`mysql.sys`@`localhost` SQL SECURITY INVOKER */
/*!50001 VIEW `x$processlist` (`thd_id`,`conn_id`,`user`,`db`,`command`,`state`,`time`,`current_statement`,`statement_latency`,`progress`,`lock_latency`,`rows_examined`,`rows_sent`,`rows_affected`,`tmp_tables`,`tmp_disk_tables`,`full_scan`,`last_statement`,`last_statement_latency`,`current_memory`,`last_wait`,`last_wait_latency`,`source`,`trx_latency`,`trx_state`,`trx_autocommit`,`pid`,`program_name`) AS select `pps`.`THREAD_ID` AS `thd_id`,`pps`.`PROCESSLIST_ID` AS `conn_id`,if((`pps`.`NAME` in ('thread/sql/one_connection','thread/thread_pool/tp_one_connection')),concat(`pps`.`PROCESSLIST_USER`,'@',convert(`pps`.`PROCESSLIST_HOST` using utf8mb4)),replace(`pps`.`NAME`,'thread/','')) AS `user`,`pps`.`PROCESSLIST_DB` AS `db`,`pps`.`PROCESSLIST_COMMAND` AS `command`,`pps`.`PROCESSLIST_STATE` AS `state`,`pps`.`PROCESSLIST_TIME` AS `time`,`pps`.`PROCESSLIST_INFO` AS `current_statement`,if((`esc`.`END_EVENT_ID` is null),`esc`.`TIMER_WAIT`,NULL) AS `statement_latency`,if((`esc`.`END_EVENT_ID` is null),round((100 * (`estc`.`WORK_COMPLETED` / `estc`.`WORK_ESTIMATED`)),2),NULL) AS `progress`,`esc`.`LOCK_TIME` AS `lock_latency`,`esc`.`ROWS_EXAMINED` AS `rows_examined`,`esc`.`ROWS_SENT` AS `rows_sent`,`esc`.`ROWS_AFFECTED` AS `rows_affected`,`esc`.`CREATED_TMP_TABLES` AS `tmp_tables`,`esc`.`CREATED_TMP_DISK_TABLES` AS `tmp_disk_tables`,if(((`esc`.`NO_GOOD_INDEX_USED` > 0) or (`esc`.`NO_INDEX_USED` > 0)),'YES','NO') AS `full_scan`,if((`esc`.`END_EVENT_ID` is not null),`esc`.`SQL_TEXT`,NULL) AS `last_statement`,if((`esc`.`END_EVENT_ID` is not null),`esc`.`TIMER_WAIT`,NULL) AS `last_statement_latency`,`mem`.`current_allocated` AS `current_memory`,`ewc`.`EVENT_NAME` AS `last_wait`,if(((`ewc`.`END_EVENT_ID` is null) and (`ewc`.`EVENT_NAME` is not null)),'Still Waiting',`ewc`.`TIMER_WAIT`) AS `last_wait_latency`,`ewc`.`SOURCE` AS `source`,`etc`.`TIMER_WAIT` AS `trx_latency`,`etc`.`STATE` AS `trx_state`,`etc`.`AUTOCOMMIT` AS `trx_autocommit`,`conattr_pid`.`ATTR_VALUE` AS `pid`,`conattr_progname`.`ATTR_VALUE` AS `program_name` from (((((((`performance_schema`.`threads` `pps` left join `performance_schema`.`events_waits_current` `ewc` on((`pps`.`THREAD_ID` = `ewc`.`THREAD_ID`))) left join `performance_schema`.`events_stages_current` `estc` on((`pps`.`THREAD_ID` = `estc`.`THREAD_ID`))) left join `performance_schema`.`events_statements_current` `esc` on((`pps`.`THREAD_ID` = `esc`.`THREAD_ID`))) left join `performance_schema`.`events_transactions_current` `etc` on((`pps`.`THREAD_ID` = `etc`.`THREAD_ID`))) left join `x$memory_by_thread_by_current_bytes` `mem` on((`pps`.`THREAD_ID` = `mem`.`thread_id`))) left join `performance_schema`.`session_connect_attrs` `conattr_pid` on(((`conattr_pid`.`PROCESSLIST_ID` = `pps`.`PROCESSLIST_ID`) and (`conattr_pid`.`ATTR_NAME` = '_pid')))) left join `performance_schema`.`session_connect_attrs` `conattr_progname` on(((`conattr_progname`.`PROCESSLIST_ID` = `pps`.`PROCESSLIST_ID`) and (`conattr_progname`.`ATTR_NAME` = 'program_name')))) order by `pps`.`PROCESSLIST_TIME` desc,`last_wait_latency` desc */;
/*!50001 SET character_set_client      = @saved_cs_client */;
/*!50001 SET character_set_results     = @saved_cs_results */;
/*!50001 SET collation_connection      = @saved_col_connection */;

--
-- Final view structure for view `x$ps_digest_95th_percentile_by_avg_us`
--

/*!50001 DROP VIEW IF EXISTS `x$ps_digest_95th_percentile_by_avg_us`*/;
/*!50001 SET @saved_cs_client          = @@character_set_client */;
/*!50001 SET @saved_cs_results         = @@character_set_results */;
/*!50001 SET @saved_col_connection     = @@collation_connection */;
/*!50001 SET character_set_client      = utf8mb4 */;
/*!50001 SET character_set_results     = utf8mb4 */;
/*!50001 SET collation_connection      = utf8mb4_0900_ai_ci */;
/*!50001 CREATE ALGORITHM=TEMPTABLE */
/*!50013 DEFINER=`mysql.sys`@`localhost` SQL SECURITY INVOKER */
/*!50001 VIEW `x$ps_digest_95th_percentile_by_avg_us` (`avg_us`,`percentile`) AS select `s2`.`avg_us` AS `avg_us`,ifnull((sum(`s1`.`cnt`) / nullif((select count(0) from `performance_schema`.`events_statements_summary_by_digest`),0)),0) AS `percentile` from (`x$ps_digest_avg_latency_distribution` `s1` join `x$ps_digest_avg_latency_distribution` `s2` on((`s1`.`avg_us` <= `s2`.`avg_us`))) group by `s2`.`avg_us` having (ifnull((sum(`s1`.`cnt`) / nullif((select count(0) from `performance_schema`.`events_statements_summary_by_digest`),0)),0) > 0.95) order by `percentile` limit 1 */;
/*!50001 SET character_set_client      = @saved_cs_client */;
/*!50001 SET character_set_results     = @saved_cs_results */;
/*!50001 SET collation_connection      = @saved_col_connection */;

--
-- Final view structure for view `x$ps_digest_avg_latency_distribution`
--

/*!50001 DROP VIEW IF EXISTS `x$ps_digest_avg_latency_distribution`*/;
/*!50001 SET @saved_cs_client          = @@character_set_client */;
/*!50001 SET @saved_cs_results         = @@character_set_results */;
/*!50001 SET @saved_col_connection     = @@collation_connection */;
/*!50001 SET character_set_client      = utf8mb4 */;
/*!50001 SET character_set_results     = utf8mb4 */;
/*!50001 SET collation_connection      = utf8mb4_0900_ai_ci */;
/*!50001 CREATE ALGORITHM=TEMPTABLE */
/*!50013 DEFINER=`mysql.sys`@`localhost` SQL SECURITY INVOKER */
/*!50001 VIEW `x$ps_digest_avg_latency_distribution` (`cnt`,`avg_us`) AS select count(0) AS `cnt`,round((`performance_schema`.`events_statements_summary_by_digest`.`AVG_TIMER_WAIT` / 1000000),0) AS `avg_us` from `performance_schema`.`events_statements_summary_by_digest` group by `avg_us` */;
/*!50001 SET character_set_client      = @saved_cs_client */;
/*!50001 SET character_set_results     = @saved_cs_results */;
/*!50001 SET collation_connection      = @saved_col_connection */;

--
-- Final view structure for view `x$ps_schema_table_statistics_io`
--

/*!50001 DROP VIEW IF EXISTS `x$ps_schema_table_statistics_io`*/;
/*!50001 SET @saved_cs_client          = @@character_set_client */;
/*!50001 SET @saved_cs_results         = @@character_set_results */;
/*!50001 SET @saved_col_connection     = @@collation_connection */;
/*!50001 SET character_set_client      = utf8mb4 */;
/*!50001 SET character_set_results     = utf8mb4 */;
/*!50001 SET collation_connection      = utf8mb4_0900_ai_ci */;
/*!50001 CREATE ALGORITHM=TEMPTABLE */
/*!50013 DEFINER=`mysql.sys`@`localhost` SQL SECURITY INVOKER */
/*!50001 VIEW `x$ps_schema_table_statistics_io` (`table_schema`,`table_name`,`count_read`,`sum_number_of_bytes_read`,`sum_timer_read`,`count_write`,`sum_number_of_bytes_write`,`sum_timer_write`,`count_misc`,`sum_timer_misc`) AS select `extract_schema_from_file_name`(`performance_schema`.`file_summary_by_instance`.`FILE_NAME`) AS `table_schema`,`extract_table_from_file_name`(`performance_schema`.`file_summary_by_instance`.`FILE_NAME`) AS `table_name`,sum(`performance_schema`.`file_summary_by_instance`.`COUNT_READ`) AS `count_read`,sum(`performance_schema`.`file_summary_by_instance`.`SUM_NUMBER_OF_BYTES_READ`) AS `sum_number_of_bytes_read`,sum(`performance_schema`.`file_summary_by_instance`.`SUM_TIMER_READ`) AS `sum_timer_read`,sum(`performance_schema`.`file_summary_by_instance`.`COUNT_WRITE`) AS `count_write`,sum(`performance_schema`.`file_summary_by_instance`.`SUM_NUMBER_OF_BYTES_WRITE`) AS `sum_number_of_bytes_write`,sum(`performance_schema`.`file_summary_by_instance`.`SUM_TIMER_WRITE`) AS `sum_timer_write`,sum(`performance_schema`.`file_summary_by_instance`.`COUNT_MISC`) AS `count_misc`,sum(`performance_schema`.`file_summary_by_instance`.`SUM_TIMER_MISC`) AS `sum_timer_misc` from `performance_schema`.`file_summary_by_instance` group by `table_schema`,`table_name` */;
/*!50001 SET character_set_client      = @saved_cs_client */;
/*!50001 SET character_set_results     = @saved_cs_results */;
/*!50001 SET collation_connection      = @saved_col_connection */;

--
-- Final view structure for view `x$schema_flattened_keys`
--

/*!50001 DROP VIEW IF EXISTS `x$schema_flattened_keys`*/;
/*!50001 SET @saved_cs_client          = @@character_set_client */;
/*!50001 SET @saved_cs_results         = @@character_set_results */;
/*!50001 SET @saved_col_connection     = @@collation_connection */;
/*!50001 SET character_set_client      = utf8mb4 */;
/*!50001 SET character_set_results     = utf8mb4 */;
/*!50001 SET collation_connection      = utf8mb4_0900_ai_ci */;
/*!50001 CREATE ALGORITHM=TEMPTABLE */
/*!50013 DEFINER=`mysql.sys`@`localhost` SQL SECURITY INVOKER */
/*!50001 VIEW `x$schema_flattened_keys` (`table_schema`,`table_name`,`index_name`,`non_unique`,`subpart_exists`,`index_columns`) AS select `information_schema`.`statistics`.`TABLE_SCHEMA` AS `TABLE_SCHEMA`,`information_schema`.`statistics`.`TABLE_NAME` AS `TABLE_NAME`,`information_schema`.`statistics`.`INDEX_NAME` AS `INDEX_NAME`,max(`information_schema`.`statistics`.`NON_UNIQUE`) AS `non_unique`,max(if((`information_schema`.`statistics`.`SUB_PART` is null),0,1)) AS `subpart_exists`,group_concat(`information_schema`.`statistics`.`COLUMN_NAME` order by `information_schema`.`statistics`.`SEQ_IN_INDEX` ASC separator ',') AS `index_columns` from `information_schema`.`STATISTICS` where ((`information_schema`.`statistics`.`INDEX_TYPE` = 'BTREE') and (`information_schema`.`statistics`.`TABLE_SCHEMA` not in ('mysql','sys','INFORMATION_SCHEMA','PERFORMANCE_SCHEMA'))) group by `information_schema`.`statistics`.`TABLE_SCHEMA`,`information_schema`.`statistics`.`TABLE_NAME`,`information_schema`.`statistics`.`INDEX_NAME` */;
/*!50001 SET character_set_client      = @saved_cs_client */;
/*!50001 SET character_set_results     = @saved_cs_results */;
/*!50001 SET collation_connection      = @saved_col_connection */;

--
-- Final view structure for view `x$schema_index_statistics`
--

/*!50001 DROP VIEW IF EXISTS `x$schema_index_statistics`*/;
/*!50001 SET @saved_cs_client          = @@character_set_client */;
/*!50001 SET @saved_cs_results         = @@character_set_results */;
/*!50001 SET @saved_col_connection     = @@collation_connection */;
/*!50001 SET character_set_client      = utf8mb4 */;
/*!50001 SET character_set_results     = utf8mb4 */;
/*!50001 SET collation_connection      = utf8mb4_0900_ai_ci */;
/*!50001 CREATE ALGORITHM=MERGE */
/*!50013 DEFINER=`mysql.sys`@`localhost` SQL SECURITY INVOKER */
/*!50001 VIEW `x$schema_index_statistics` (`table_schema`,`table_name`,`index_name`,`rows_selected`,`select_latency`,`rows_inserted`,`insert_latency`,`rows_updated`,`update_latency`,`rows_deleted`,`delete_latency`) AS select `performance_schema`.`table_io_waits_summary_by_index_usage`.`OBJECT_SCHEMA` AS `table_schema`,`performance_schema`.`table_io_waits_summary_by_index_usage`.`OBJECT_NAME` AS `table_name`,`performance_schema`.`table_io_waits_summary_by_index_usage`.`INDEX_NAME` AS `index_name`,`performance_schema`.`table_io_waits_summary_by_index_usage`.`COUNT_FETCH` AS `rows_selected`,`performance_schema`.`table_io_waits_summary_by_index_usage`.`SUM_TIMER_FETCH` AS `select_latency`,`performance_schema`.`table_io_waits_summary_by_index_usage`.`COUNT_INSERT` AS `rows_inserted`,`performance_schema`.`table_io_waits_summary_by_index_usage`.`SUM_TIMER_INSERT` AS `insert_latency`,`performance_schema`.`table_io_waits_summary_by_index_usage`.`COUNT_UPDATE` AS `rows_updated`,`performance_schema`.`table_io_waits_summary_by_index_usage`.`SUM_TIMER_UPDATE` AS `update_latency`,`performance_schema`.`table_io_waits_summary_by_index_usage`.`COUNT_DELETE` AS `rows_deleted`,`performance_schema`.`table_io_waits_summary_by_index_usage`.`SUM_TIMER_DELETE` AS `delete_latency` from `performance_schema`.`table_io_waits_summary_by_index_usage` where (`performance_schema`.`table_io_waits_summary_by_index_usage`.`INDEX_NAME` is not null) order by `performance_schema`.`table_io_waits_summary_by_index_usage`.`SUM_TIMER_WAIT` desc */;
/*!50001 SET character_set_client      = @saved_cs_client */;
/*!50001 SET character_set_results     = @saved_cs_results */;
/*!50001 SET collation_connection      = @saved_col_connection */;

--
-- Final view structure for view `x$schema_table_lock_waits`
--

/*!50001 DROP VIEW IF EXISTS `x$schema_table_lock_waits`*/;
/*!50001 SET @saved_cs_client          = @@character_set_client */;
/*!50001 SET @saved_cs_results         = @@character_set_results */;
/*!50001 SET @saved_col_connection     = @@collation_connection */;
/*!50001 SET character_set_client      = utf8mb4 */;
/*!50001 SET character_set_results     = utf8mb4 */;
/*!50001 SET collation_connection      = utf8mb4_0900_ai_ci */;
/*!50001 CREATE ALGORITHM=TEMPTABLE */
/*!50013 DEFINER=`mysql.sys`@`localhost` SQL SECURITY INVOKER */
/*!50001 VIEW `x$schema_table_lock_waits` (`object_schema`,`object_name`,`waiting_thread_id`,`waiting_pid`,`waiting_account`,`waiting_lock_type`,`waiting_lock_duration`,`waiting_query`,`waiting_query_secs`,`waiting_query_rows_affected`,`waiting_query_rows_examined`,`blocking_thread_id`,`blocking_pid`,`blocking_account`,`blocking_lock_type`,`blocking_lock_duration`,`sql_kill_blocking_query`,`sql_kill_blocking_connection`) AS select `g`.`OBJECT_SCHEMA` AS `object_schema`,`g`.`OBJECT_NAME` AS `object_name`,`pt`.`THREAD_ID` AS `waiting_thread_id`,`pt`.`PROCESSLIST_ID` AS `waiting_pid`,`sys`.`ps_thread_account`(`p`.`OWNER_THREAD_ID`) AS `waiting_account`,`p`.`LOCK_TYPE` AS `waiting_lock_type`,`p`.`LOCK_DURATION` AS `waiting_lock_duration`,`pt`.`PROCESSLIST_INFO` AS `waiting_query`,`pt`.`PROCESSLIST_TIME` AS `waiting_query_secs`,`ps`.`ROWS_AFFECTED` AS `waiting_query_rows_affected`,`ps`.`ROWS_EXAMINED` AS `waiting_query_rows_examined`,`gt`.`THREAD_ID` AS `blocking_thread_id`,`gt`.`PROCESSLIST_ID` AS `blocking_pid`,`sys`.`ps_thread_account`(`g`.`OWNER_THREAD_ID`) AS `blocking_account`,`g`.`LOCK_TYPE` AS `blocking_lock_type`,`g`.`LOCK_DURATION` AS `blocking_lock_duration`,concat('KILL QUERY ',`gt`.`PROCESSLIST_ID`) AS `sql_kill_blocking_query`,concat('KILL ',`gt`.`PROCESSLIST_ID`) AS `sql_kill_blocking_connection` from (((((`performance_schema`.`metadata_locks` `g` join `performance_schema`.`metadata_locks` `p` on(((`g`.`OBJECT_TYPE` = `p`.`OBJECT_TYPE`) and (`g`.`OBJECT_SCHEMA` = `p`.`OBJECT_SCHEMA`) and (`g`.`OBJECT_NAME` = `p`.`OBJECT_NAME`) and (`g`.`LOCK_STATUS` = 'GRANTED') and (`p`.`LOCK_STATUS` = 'PENDING')))) join `performance_schema`.`threads` `gt` on((`g`.`OWNER_THREAD_ID` = `gt`.`THREAD_ID`))) join `performance_schema`.`threads` `pt` on((`p`.`OWNER_THREAD_ID` = `pt`.`THREAD_ID`))) left join `performance_schema`.`events_statements_current` `gs` on((`g`.`OWNER_THREAD_ID` = `gs`.`THREAD_ID`))) left join `performance_schema`.`events_statements_current` `ps` on((`p`.`OWNER_THREAD_ID` = `ps`.`THREAD_ID`))) where (`g`.`OBJECT_TYPE` = 'TABLE') */;
/*!50001 SET character_set_client      = @saved_cs_client */;
/*!50001 SET character_set_results     = @saved_cs_results */;
/*!50001 SET collation_connection      = @saved_col_connection */;

--
-- Final view structure for view `x$schema_table_statistics`
--

/*!50001 DROP VIEW IF EXISTS `x$schema_table_statistics`*/;
/*!50001 SET @saved_cs_client          = @@character_set_client */;
/*!50001 SET @saved_cs_results         = @@character_set_results */;
/*!50001 SET @saved_col_connection     = @@collation_connection */;
/*!50001 SET character_set_client      = utf8mb4 */;
/*!50001 SET character_set_results     = utf8mb4 */;
/*!50001 SET collation_connection      = utf8mb4_0900_ai_ci */;
/*!50001 CREATE ALGORITHM=TEMPTABLE */
/*!50013 DEFINER=`mysql.sys`@`localhost` SQL SECURITY INVOKER */
/*!50001 VIEW `x$schema_table_statistics` (`table_schema`,`table_name`,`total_latency`,`rows_fetched`,`fetch_latency`,`rows_inserted`,`insert_latency`,`rows_updated`,`update_latency`,`rows_deleted`,`delete_latency`,`io_read_requests`,`io_read`,`io_read_latency`,`io_write_requests`,`io_write`,`io_write_latency`,`io_misc_requests`,`io_misc_latency`) AS select `pst`.`OBJECT_SCHEMA` AS `table_schema`,`pst`.`OBJECT_NAME` AS `table_name`,`pst`.`SUM_TIMER_WAIT` AS `total_latency`,`pst`.`COUNT_FETCH` AS `rows_fetched`,`pst`.`SUM_TIMER_FETCH` AS `fetch_latency`,`pst`.`COUNT_INSERT` AS `rows_inserted`,`pst`.`SUM_TIMER_INSERT` AS `insert_latency`,`pst`.`COUNT_UPDATE` AS `rows_updated`,`pst`.`SUM_TIMER_UPDATE` AS `update_latency`,`pst`.`COUNT_DELETE` AS `rows_deleted`,`pst`.`SUM_TIMER_DELETE` AS `delete_latency`,`fsbi`.`count_read` AS `io_read_requests`,`fsbi`.`sum_number_of_bytes_read` AS `io_read`,`fsbi`.`sum_timer_read` AS `io_read_latency`,`fsbi`.`count_write` AS `io_write_requests`,`fsbi`.`sum_number_of_bytes_write` AS `io_write`,`fsbi`.`sum_timer_write` AS `io_write_latency`,`fsbi`.`count_misc` AS `io_misc_requests`,`fsbi`.`sum_timer_misc` AS `io_misc_latency` from (`performance_schema`.`table_io_waits_summary_by_table` `pst` left join `x$ps_schema_table_statistics_io` `fsbi` on(((`pst`.`OBJECT_SCHEMA` = `fsbi`.`table_schema`) and (`pst`.`OBJECT_NAME` = `fsbi`.`table_name`)))) order by `pst`.`SUM_TIMER_WAIT` desc */;
/*!50001 SET character_set_client      = @saved_cs_client */;
/*!50001 SET character_set_results     = @saved_cs_results */;
/*!50001 SET collation_connection      = @saved_col_connection */;

--
-- Final view structure for view `x$schema_table_statistics_with_buffer`
--

/*!50001 DROP VIEW IF EXISTS `x$schema_table_statistics_with_buffer`*/;
/*!50001 SET @saved_cs_client          = @@character_set_client */;
/*!50001 SET @saved_cs_results         = @@character_set_results */;
/*!50001 SET @saved_col_connection     = @@collation_connection */;
/*!50001 SET character_set_client      = utf8mb4 */;
/*!50001 SET character_set_results     = utf8mb4 */;
/*!50001 SET collation_connection      = utf8mb4_0900_ai_ci */;
/*!50001 CREATE ALGORITHM=TEMPTABLE */
/*!50013 DEFINER=`mysql.sys`@`localhost` SQL SECURITY INVOKER */
/*!50001 VIEW `x$schema_table_statistics_with_buffer` (`table_schema`,`table_name`,`rows_fetched`,`fetch_latency`,`rows_inserted`,`insert_latency`,`rows_updated`,`update_latency`,`rows_deleted`,`delete_latency`,`io_read_requests`,`io_read`,`io_read_latency`,`io_write_requests`,`io_write`,`io_write_latency`,`io_misc_requests`,`io_misc_latency`,`innodb_buffer_allocated`,`innodb_buffer_data`,`innodb_buffer_free`,`innodb_buffer_pages`,`innodb_buffer_pages_hashed`,`innodb_buffer_pages_old`,`innodb_buffer_rows_cached`) AS select `pst`.`OBJECT_SCHEMA` AS `table_schema`,`pst`.`OBJECT_NAME` AS `table_name`,`pst`.`COUNT_FETCH` AS `rows_fetched`,`pst`.`SUM_TIMER_FETCH` AS `fetch_latency`,`pst`.`COUNT_INSERT` AS `rows_inserted`,`pst`.`SUM_TIMER_INSERT` AS `insert_latency`,`pst`.`COUNT_UPDATE` AS `rows_updated`,`pst`.`SUM_TIMER_UPDATE` AS `update_latency`,`pst`.`COUNT_DELETE` AS `rows_deleted`,`pst`.`SUM_TIMER_DELETE` AS `delete_latency`,`fsbi`.`count_read` AS `io_read_requests`,`fsbi`.`sum_number_of_bytes_read` AS `io_read`,`fsbi`.`sum_timer_read` AS `io_read_latency`,`fsbi`.`count_write` AS `io_write_requests`,`fsbi`.`sum_number_of_bytes_write` AS `io_write`,`fsbi`.`sum_timer_write` AS `io_write_latency`,`fsbi`.`count_misc` AS `io_misc_requests`,`fsbi`.`sum_timer_misc` AS `io_misc_latency`,`ibp`.`allocated` AS `innodb_buffer_allocated`,`ibp`.`data` AS `innodb_buffer_data`,(`ibp`.`allocated` - `ibp`.`data`) AS `innodb_buffer_free`,`ibp`.`pages` AS `innodb_buffer_pages`,`ibp`.`pages_hashed` AS `innodb_buffer_pages_hashed`,`ibp`.`pages_old` AS `innodb_buffer_pages_old`,`ibp`.`rows_cached` AS `innodb_buffer_rows_cached` from ((`performance_schema`.`table_io_waits_summary_by_table` `pst` left join `x$ps_schema_table_statistics_io` `fsbi` on(((`pst`.`OBJECT_SCHEMA` = `fsbi`.`table_schema`) and (`pst`.`OBJECT_NAME` = `fsbi`.`table_name`)))) left join `x$innodb_buffer_stats_by_table` `ibp` on(((`pst`.`OBJECT_SCHEMA` = `ibp`.`object_schema`) and (`pst`.`OBJECT_NAME` = `ibp`.`object_name`)))) order by `pst`.`SUM_TIMER_WAIT` desc */;
/*!50001 SET character_set_client      = @saved_cs_client */;
/*!50001 SET character_set_results     = @saved_cs_results */;
/*!50001 SET collation_connection      = @saved_col_connection */;

--
-- Final view structure for view `x$schema_tables_with_full_table_scans`
--

/*!50001 DROP VIEW IF EXISTS `x$schema_tables_with_full_table_scans`*/;
/*!50001 SET @saved_cs_client          = @@character_set_client */;
/*!50001 SET @saved_cs_results         = @@character_set_results */;
/*!50001 SET @saved_col_connection     = @@collation_connection */;
/*!50001 SET character_set_client      = utf8mb4 */;
/*!50001 SET character_set_results     = utf8mb4 */;
/*!50001 SET collation_connection      = utf8mb4_0900_ai_ci */;
/*!50001 CREATE ALGORITHM=MERGE */
/*!50013 DEFINER=`mysql.sys`@`localhost` SQL SECURITY INVOKER */
/*!50001 VIEW `x$schema_tables_with_full_table_scans` (`object_schema`,`object_name`,`rows_full_scanned`,`latency`) AS select `performance_schema`.`table_io_waits_summary_by_index_usage`.`OBJECT_SCHEMA` AS `object_schema`,`performance_schema`.`table_io_waits_summary_by_index_usage`.`OBJECT_NAME` AS `object_name`,`performance_schema`.`table_io_waits_summary_by_index_usage`.`COUNT_READ` AS `rows_full_scanned`,`performance_schema`.`table_io_waits_summary_by_index_usage`.`SUM_TIMER_WAIT` AS `latency` from `performance_schema`.`table_io_waits_summary_by_index_usage` where ((`performance_schema`.`table_io_waits_summary_by_index_usage`.`INDEX_NAME` is null) and (`performance_schema`.`table_io_waits_summary_by_index_usage`.`COUNT_READ` > 0)) order by `performance_schema`.`table_io_waits_summary_by_index_usage`.`COUNT_READ` desc */;
/*!50001 SET character_set_client      = @saved_cs_client */;
/*!50001 SET character_set_results     = @saved_cs_results */;
/*!50001 SET collation_connection      = @saved_col_connection */;

--
-- Final view structure for view `x$session`
--

/*!50001 DROP VIEW IF EXISTS `x$session`*/;
/*!50001 SET @saved_cs_client          = @@character_set_client */;
/*!50001 SET @saved_cs_results         = @@character_set_results */;
/*!50001 SET @saved_col_connection     = @@collation_connection */;
/*!50001 SET character_set_client      = utf8mb4 */;
/*!50001 SET character_set_results     = utf8mb4 */;
/*!50001 SET collation_connection      = utf8mb4_0900_ai_ci */;
/*!50001 CREATE ALGORITHM=UNDEFINED */
/*!50013 DEFINER=`mysql.sys`@`localhost` SQL SECURITY INVOKER */
/*!50001 VIEW `x$session` AS select `x$processlist`.`thd_id` AS `thd_id`,`x$processlist`.`conn_id` AS `conn_id`,`x$processlist`.`user` AS `user`,`x$processlist`.`db` AS `db`,`x$processlist`.`command` AS `command`,`x$processlist`.`state` AS `state`,`x$processlist`.`time` AS `time`,`x$processlist`.`current_statement` AS `current_statement`,`x$processlist`.`statement_latency` AS `statement_latency`,`x$processlist`.`progress` AS `progress`,`x$processlist`.`lock_latency` AS `lock_latency`,`x$processlist`.`rows_examined` AS `rows_examined`,`x$processlist`.`rows_sent` AS `rows_sent`,`x$processlist`.`rows_affected` AS `rows_affected`,`x$processlist`.`tmp_tables` AS `tmp_tables`,`x$processlist`.`tmp_disk_tables` AS `tmp_disk_tables`,`x$processlist`.`full_scan` AS `full_scan`,`x$processlist`.`last_statement` AS `last_statement`,`x$processlist`.`last_statement_latency` AS `last_statement_latency`,`x$processlist`.`current_memory` AS `current_memory`,`x$processlist`.`last_wait` AS `last_wait`,`x$processlist`.`last_wait_latency` AS `last_wait_latency`,`x$processlist`.`source` AS `source`,`x$processlist`.`trx_latency` AS `trx_latency`,`x$processlist`.`trx_state` AS `trx_state`,`x$processlist`.`trx_autocommit` AS `trx_autocommit`,`x$processlist`.`pid` AS `pid`,`x$processlist`.`program_name` AS `program_name` from `x$processlist` where ((`x$processlist`.`conn_id` is not null) and (`x$processlist`.`command` <> 'Daemon')) */;
/*!50001 SET character_set_client      = @saved_cs_client */;
/*!50001 SET character_set_results     = @saved_cs_results */;
/*!50001 SET collation_connection      = @saved_col_connection */;

--
-- Final view structure for view `x$statement_analysis`
--

/*!50001 DROP VIEW IF EXISTS `x$statement_analysis`*/;
/*!50001 SET @saved_cs_client          = @@character_set_client */;
/*!50001 SET @saved_cs_results         = @@character_set_results */;
/*!50001 SET @saved_col_connection     = @@collation_connection */;
/*!50001 SET character_set_client      = utf8mb4 */;
/*!50001 SET character_set_results     = utf8mb4 */;
/*!50001 SET collation_connection      = utf8mb4_0900_ai_ci */;
/*!50001 CREATE ALGORITHM=MERGE */
/*!50013 DEFINER=`mysql.sys`@`localhost` SQL SECURITY INVOKER */
/*!50001 VIEW `x$statement_analysis` (`query`,`db`,`full_scan`,`exec_count`,`err_count`,`warn_count`,`total_latency`,`max_latency`,`avg_latency`,`lock_latency`,`rows_sent`,`rows_sent_avg`,`rows_examined`,`rows_examined_avg`,`rows_affected`,`rows_affected_avg`,`tmp_tables`,`tmp_disk_tables`,`rows_sorted`,`sort_merge_passes`,`digest`,`first_seen`,`last_seen`) AS select `performance_schema`.`events_statements_summary_by_digest`.`DIGEST_TEXT` AS `query`,`performance_schema`.`events_statements_summary_by_digest`.`SCHEMA_NAME` AS `db`,if(((`performance_schema`.`events_statements_summary_by_digest`.`SUM_NO_GOOD_INDEX_USED` > 0) or (`performance_schema`.`events_statements_summary_by_digest`.`SUM_NO_INDEX_USED` > 0)),'*','') AS `full_scan`,`performance_schema`.`events_statements_summary_by_digest`.`COUNT_STAR` AS `exec_count`,`performance_schema`.`events_statements_summary_by_digest`.`SUM_ERRORS` AS `err_count`,`performance_schema`.`events_statements_summary_by_digest`.`SUM_WARNINGS` AS `warn_count`,`performance_schema`.`events_statements_summary_by_digest`.`SUM_TIMER_WAIT` AS `total_latency`,`performance_schema`.`events_statements_summary_by_digest`.`MAX_TIMER_WAIT` AS `max_latency`,`performance_schema`.`events_statements_summary_by_digest`.`AVG_TIMER_WAIT` AS `avg_latency`,`performance_schema`.`events_statements_summary_by_digest`.`SUM_LOCK_TIME` AS `lock_latency`,`performance_schema`.`events_statements_summary_by_digest`.`SUM_ROWS_SENT` AS `rows_sent`,round(ifnull((`performance_schema`.`events_statements_summary_by_digest`.`SUM_ROWS_SENT` / nullif(`performance_schema`.`events_statements_summary_by_digest`.`COUNT_STAR`,0)),0),0) AS `rows_sent_avg`,`performance_schema`.`events_statements_summary_by_digest`.`SUM_ROWS_EXAMINED` AS `rows_examined`,round(ifnull((`performance_schema`.`events_statements_summary_by_digest`.`SUM_ROWS_EXAMINED` / nullif(`performance_schema`.`events_statements_summary_by_digest`.`COUNT_STAR`,0)),0),0) AS `rows_examined_avg`,`performance_schema`.`events_statements_summary_by_digest`.`SUM_ROWS_AFFECTED` AS `rows_affected`,round(ifnull((`performance_schema`.`events_statements_summary_by_digest`.`SUM_ROWS_AFFECTED` / nullif(`performance_schema`.`events_statements_summary_by_digest`.`COUNT_STAR`,0)),0),0) AS `rows_affected_avg`,`performance_schema`.`events_statements_summary_by_digest`.`SUM_CREATED_TMP_TABLES` AS `tmp_tables`,`performance_schema`.`events_statements_summary_by_digest`.`SUM_CREATED_TMP_DISK_TABLES` AS `tmp_disk_tables`,`performance_schema`.`events_statements_summary_by_digest`.`SUM_SORT_ROWS` AS `rows_sorted`,`performance_schema`.`events_statements_summary_by_digest`.`SUM_SORT_MERGE_PASSES` AS `sort_merge_passes`,`performance_schema`.`events_statements_summary_by_digest`.`DIGEST` AS `digest`,`performance_schema`.`events_statements_summary_by_digest`.`FIRST_SEEN` AS `first_seen`,`performance_schema`.`events_statements_summary_by_digest`.`LAST_SEEN` AS `last_seen` from `performance_schema`.`events_statements_summary_by_digest` order by `performance_schema`.`events_statements_summary_by_digest`.`SUM_TIMER_WAIT` desc */;
/*!50001 SET character_set_client      = @saved_cs_client */;
/*!50001 SET character_set_results     = @saved_cs_results */;
/*!50001 SET collation_connection      = @saved_col_connection */;

--
-- Final view structure for view `x$statements_with_errors_or_warnings`
--

/*!50001 DROP VIEW IF EXISTS `x$statements_with_errors_or_warnings`*/;
/*!50001 SET @saved_cs_client          = @@character_set_client */;
/*!50001 SET @saved_cs_results         = @@character_set_results */;
/*!50001 SET @saved_col_connection     = @@collation_connection */;
/*!50001 SET character_set_client      = utf8mb4 */;
/*!50001 SET character_set_results     = utf8mb4 */;
/*!50001 SET collation_connection      = utf8mb4_0900_ai_ci */;
/*!50001 CREATE ALGORITHM=MERGE */
/*!50013 DEFINER=`mysql.sys`@`localhost` SQL SECURITY INVOKER */
/*!50001 VIEW `x$statements_with_errors_or_warnings` (`query`,`db`,`exec_count`,`errors`,`error_pct`,`warnings`,`warning_pct`,`first_seen`,`last_seen`,`digest`) AS select `performance_schema`.`events_statements_summary_by_digest`.`DIGEST_TEXT` AS `query`,`performance_schema`.`events_statements_summary_by_digest`.`SCHEMA_NAME` AS `db`,`performance_schema`.`events_statements_summary_by_digest`.`COUNT_STAR` AS `exec_count`,`performance_schema`.`events_statements_summary_by_digest`.`SUM_ERRORS` AS `errors`,(ifnull((`performance_schema`.`events_statements_summary_by_digest`.`SUM_ERRORS` / nullif(`performance_schema`.`events_statements_summary_by_digest`.`COUNT_STAR`,0)),0) * 100) AS `error_pct`,`performance_schema`.`events_statements_summary_by_digest`.`SUM_WARNINGS` AS `warnings`,(ifnull((`performance_schema`.`events_statements_summary_by_digest`.`SUM_WARNINGS` / nullif(`performance_schema`.`events_statements_summary_by_digest`.`COUNT_STAR`,0)),0) * 100) AS `warning_pct`,`performance_schema`.`events_statements_summary_by_digest`.`FIRST_SEEN` AS `first_seen`,`performance_schema`.`events_statements_summary_by_digest`.`LAST_SEEN` AS `last_seen`,`performance_schema`.`events_statements_summary_by_digest`.`DIGEST` AS `digest` from `performance_schema`.`events_statements_summary_by_digest` where ((`performance_schema`.`events_statements_summary_by_digest`.`SUM_ERRORS` > 0) or (`performance_schema`.`events_statements_summary_by_digest`.`SUM_WARNINGS` > 0)) order by `performance_schema`.`events_statements_summary_by_digest`.`SUM_ERRORS` desc,`performance_schema`.`events_statements_summary_by_digest`.`SUM_WARNINGS` desc */;
/*!50001 SET character_set_client      = @saved_cs_client */;
/*!50001 SET character_set_results     = @saved_cs_results */;
/*!50001 SET collation_connection      = @saved_col_connection */;

--
-- Final view structure for view `x$statements_with_full_table_scans`
--

/*!50001 DROP VIEW IF EXISTS `x$statements_with_full_table_scans`*/;
/*!50001 SET @saved_cs_client          = @@character_set_client */;
/*!50001 SET @saved_cs_results         = @@character_set_results */;
/*!50001 SET @saved_col_connection     = @@collation_connection */;
/*!50001 SET character_set_client      = utf8mb4 */;
/*!50001 SET character_set_results     = utf8mb4 */;
/*!50001 SET collation_connection      = utf8mb4_0900_ai_ci */;
/*!50001 CREATE ALGORITHM=MERGE */
/*!50013 DEFINER=`mysql.sys`@`localhost` SQL SECURITY INVOKER */
/*!50001 VIEW `x$statements_with_full_table_scans` (`query`,`db`,`exec_count`,`total_latency`,`no_index_used_count`,`no_good_index_used_count`,`no_index_used_pct`,`rows_sent`,`rows_examined`,`rows_sent_avg`,`rows_examined_avg`,`first_seen`,`last_seen`,`digest`) AS select `performance_schema`.`events_statements_summary_by_digest`.`DIGEST_TEXT` AS `query`,`performance_schema`.`events_statements_summary_by_digest`.`SCHEMA_NAME` AS `db`,`performance_schema`.`events_statements_summary_by_digest`.`COUNT_STAR` AS `exec_count`,`performance_schema`.`events_statements_summary_by_digest`.`SUM_TIMER_WAIT` AS `total_latency`,`performance_schema`.`events_statements_summary_by_digest`.`SUM_NO_INDEX_USED` AS `no_index_used_count`,`performance_schema`.`events_statements_summary_by_digest`.`SUM_NO_GOOD_INDEX_USED` AS `no_good_index_used_count`,round((ifnull((`performance_schema`.`events_statements_summary_by_digest`.`SUM_NO_INDEX_USED` / nullif(`performance_schema`.`events_statements_summary_by_digest`.`COUNT_STAR`,0)),0) * 100),0) AS `no_index_used_pct`,`performance_schema`.`events_statements_summary_by_digest`.`SUM_ROWS_SENT` AS `rows_sent`,`performance_schema`.`events_statements_summary_by_digest`.`SUM_ROWS_EXAMINED` AS `rows_examined`,round((`performance_schema`.`events_statements_summary_by_digest`.`SUM_ROWS_SENT` / `performance_schema`.`events_statements_summary_by_digest`.`COUNT_STAR`),0) AS `rows_sent_avg`,round((`performance_schema`.`events_statements_summary_by_digest`.`SUM_ROWS_EXAMINED` / `performance_schema`.`events_statements_summary_by_digest`.`COUNT_STAR`),0) AS `rows_examined_avg`,`performance_schema`.`events_statements_summary_by_digest`.`FIRST_SEEN` AS `first_seen`,`performance_schema`.`events_statements_summary_by_digest`.`LAST_SEEN` AS `last_seen`,`performance_schema`.`events_statements_summary_by_digest`.`DIGEST` AS `digest` from `performance_schema`.`events_statements_summary_by_digest` where (((`performance_schema`.`events_statements_summary_by_digest`.`SUM_NO_INDEX_USED` > 0) or (`performance_schema`.`events_statements_summary_by_digest`.`SUM_NO_GOOD_INDEX_USED` > 0)) and (not((`performance_schema`.`events_statements_summary_by_digest`.`DIGEST_TEXT` like 'SHOW%')))) order by round((ifnull((`performance_schema`.`events_statements_summary_by_digest`.`SUM_NO_INDEX_USED` / nullif(`performance_schema`.`events_statements_summary_by_digest`.`COUNT_STAR`,0)),0) * 100),0) desc,`performance_schema`.`events_statements_summary_by_digest`.`SUM_TIMER_WAIT` desc */;
/*!50001 SET character_set_client      = @saved_cs_client */;
/*!50001 SET character_set_results     = @saved_cs_results */;
/*!50001 SET collation_connection      = @saved_col_connection */;

--
-- Final view structure for view `x$statements_with_runtimes_in_95th_percentile`
--

/*!50001 DROP VIEW IF EXISTS `x$statements_with_runtimes_in_95th_percentile`*/;
/*!50001 SET @saved_cs_client          = @@character_set_client */;
/*!50001 SET @saved_cs_results         = @@character_set_results */;
/*!50001 SET @saved_col_connection     = @@collation_connection */;
/*!50001 SET character_set_client      = utf8mb4 */;
/*!50001 SET character_set_results     = utf8mb4 */;
/*!50001 SET collation_connection      = utf8mb4_0900_ai_ci */;
/*!50001 CREATE ALGORITHM=MERGE */
/*!50013 DEFINER=`mysql.sys`@`localhost` SQL SECURITY INVOKER */
/*!50001 VIEW `x$statements_with_runtimes_in_95th_percentile` (`query`,`db`,`full_scan`,`exec_count`,`err_count`,`warn_count`,`total_latency`,`max_latency`,`avg_latency`,`rows_sent`,`rows_sent_avg`,`rows_examined`,`rows_examined_avg`,`first_seen`,`last_seen`,`digest`) AS select `stmts`.`DIGEST_TEXT` AS `query`,`stmts`.`SCHEMA_NAME` AS `db`,if(((`stmts`.`SUM_NO_GOOD_INDEX_USED` > 0) or (`stmts`.`SUM_NO_INDEX_USED` > 0)),'*','') AS `full_scan`,`stmts`.`COUNT_STAR` AS `exec_count`,`stmts`.`SUM_ERRORS` AS `err_count`,`stmts`.`SUM_WARNINGS` AS `warn_count`,`stmts`.`SUM_TIMER_WAIT` AS `total_latency`,`stmts`.`MAX_TIMER_WAIT` AS `max_latency`,`stmts`.`AVG_TIMER_WAIT` AS `avg_latency`,`stmts`.`SUM_ROWS_SENT` AS `rows_sent`,round(ifnull((`stmts`.`SUM_ROWS_SENT` / nullif(`stmts`.`COUNT_STAR`,0)),0),0) AS `rows_sent_avg`,`stmts`.`SUM_ROWS_EXAMINED` AS `rows_examined`,round(ifnull((`stmts`.`SUM_ROWS_EXAMINED` / nullif(`stmts`.`COUNT_STAR`,0)),0),0) AS `rows_examined_avg`,`stmts`.`FIRST_SEEN` AS `first_seen`,`stmts`.`LAST_SEEN` AS `last_seen`,`stmts`.`DIGEST` AS `digest` from (`performance_schema`.`events_statements_summary_by_digest` `stmts` join `x$ps_digest_95th_percentile_by_avg_us` `top_percentile` on((round((`stmts`.`AVG_TIMER_WAIT` / 1000000),0) >= `top_percentile`.`avg_us`))) order by `stmts`.`AVG_TIMER_WAIT` desc */;
/*!50001 SET character_set_client      = @saved_cs_client */;
/*!50001 SET character_set_results     = @saved_cs_results */;
/*!50001 SET collation_connection      = @saved_col_connection */;

--
-- Final view structure for view `x$statements_with_sorting`
--

/*!50001 DROP VIEW IF EXISTS `x$statements_with_sorting`*/;
/*!50001 SET @saved_cs_client          = @@character_set_client */;
/*!50001 SET @saved_cs_results         = @@character_set_results */;
/*!50001 SET @saved_col_connection     = @@collation_connection */;
/*!50001 SET character_set_client      = utf8mb4 */;
/*!50001 SET character_set_results     = utf8mb4 */;
/*!50001 SET collation_connection      = utf8mb4_0900_ai_ci */;
/*!50001 CREATE ALGORITHM=MERGE */
/*!50013 DEFINER=`mysql.sys`@`localhost` SQL SECURITY INVOKER */
/*!50001 VIEW `x$statements_with_sorting` (`query`,`db`,`exec_count`,`total_latency`,`sort_merge_passes`,`avg_sort_merges`,`sorts_using_scans`,`sort_using_range`,`rows_sorted`,`avg_rows_sorted`,`first_seen`,`last_seen`,`digest`) AS select `performance_schema`.`events_statements_summary_by_digest`.`DIGEST_TEXT` AS `query`,`performance_schema`.`events_statements_summary_by_digest`.`SCHEMA_NAME` AS `db`,`performance_schema`.`events_statements_summary_by_digest`.`COUNT_STAR` AS `exec_count`,`performance_schema`.`events_statements_summary_by_digest`.`SUM_TIMER_WAIT` AS `total_latency`,`performance_schema`.`events_statements_summary_by_digest`.`SUM_SORT_MERGE_PASSES` AS `sort_merge_passes`,round(ifnull((`performance_schema`.`events_statements_summary_by_digest`.`SUM_SORT_MERGE_PASSES` / nullif(`performance_schema`.`events_statements_summary_by_digest`.`COUNT_STAR`,0)),0),0) AS `avg_sort_merges`,`performance_schema`.`events_statements_summary_by_digest`.`SUM_SORT_SCAN` AS `sorts_using_scans`,`performance_schema`.`events_statements_summary_by_digest`.`SUM_SORT_RANGE` AS `sort_using_range`,`performance_schema`.`events_statements_summary_by_digest`.`SUM_SORT_ROWS` AS `rows_sorted`,round(ifnull((`performance_schema`.`events_statements_summary_by_digest`.`SUM_SORT_ROWS` / nullif(`performance_schema`.`events_statements_summary_by_digest`.`COUNT_STAR`,0)),0),0) AS `avg_rows_sorted`,`performance_schema`.`events_statements_summary_by_digest`.`FIRST_SEEN` AS `first_seen`,`performance_schema`.`events_statements_summary_by_digest`.`LAST_SEEN` AS `last_seen`,`performance_schema`.`events_statements_summary_by_digest`.`DIGEST` AS `digest` from `performance_schema`.`events_statements_summary_by_digest` where (`performance_schema`.`events_statements_summary_by_digest`.`SUM_SORT_ROWS` > 0) order by `performance_schema`.`events_statements_summary_by_digest`.`SUM_TIMER_WAIT` desc */;
/*!50001 SET character_set_client      = @saved_cs_client */;
/*!50001 SET character_set_results     = @saved_cs_results */;
/*!50001 SET collation_connection      = @saved_col_connection */;

--
-- Final view structure for view `x$statements_with_temp_tables`
--

/*!50001 DROP VIEW IF EXISTS `x$statements_with_temp_tables`*/;
/*!50001 SET @saved_cs_client          = @@character_set_client */;
/*!50001 SET @saved_cs_results         = @@character_set_results */;
/*!50001 SET @saved_col_connection     = @@collation_connection */;
/*!50001 SET character_set_client      = utf8mb4 */;
/*!50001 SET character_set_results     = utf8mb4 */;
/*!50001 SET collation_connection      = utf8mb4_0900_ai_ci */;
/*!50001 CREATE ALGORITHM=MERGE */
/*!50013 DEFINER=`mysql.sys`@`localhost` SQL SECURITY INVOKER */
/*!50001 VIEW `x$statements_with_temp_tables` (`query`,`db`,`exec_count`,`total_latency`,`memory_tmp_tables`,`disk_tmp_tables`,`avg_tmp_tables_per_query`,`tmp_tables_to_disk_pct`,`first_seen`,`last_seen`,`digest`) AS select `performance_schema`.`events_statements_summary_by_digest`.`DIGEST_TEXT` AS `query`,`performance_schema`.`events_statements_summary_by_digest`.`SCHEMA_NAME` AS `db`,`performance_schema`.`events_statements_summary_by_digest`.`COUNT_STAR` AS `exec_count`,`performance_schema`.`events_statements_summary_by_digest`.`SUM_TIMER_WAIT` AS `total_latency`,`performance_schema`.`events_statements_summary_by_digest`.`SUM_CREATED_TMP_TABLES` AS `memory_tmp_tables`,`performance_schema`.`events_statements_summary_by_digest`.`SUM_CREATED_TMP_DISK_TABLES` AS `disk_tmp_tables`,round(ifnull((`performance_schema`.`events_statements_summary_by_digest`.`SUM_CREATED_TMP_TABLES` / nullif(`performance_schema`.`events_statements_summary_by_digest`.`COUNT_STAR`,0)),0),0) AS `avg_tmp_tables_per_query`,round((ifnull((`performance_schema`.`events_statements_summary_by_digest`.`SUM_CREATED_TMP_DISK_TABLES` / nullif(`performance_schema`.`events_statements_summary_by_digest`.`SUM_CREATED_TMP_TABLES`,0)),0) * 100),0) AS `tmp_tables_to_disk_pct`,`performance_schema`.`events_statements_summary_by_digest`.`FIRST_SEEN` AS `first_seen`,`performance_schema`.`events_statements_summary_by_digest`.`LAST_SEEN` AS `last_seen`,`performance_schema`.`events_statements_summary_by_digest`.`DIGEST` AS `digest` from `performance_schema`.`events_statements_summary_by_digest` where (`performance_schema`.`events_statements_summary_by_digest`.`SUM_CREATED_TMP_TABLES` > 0) order by `performance_schema`.`events_statements_summary_by_digest`.`SUM_CREATED_TMP_DISK_TABLES` desc,`performance_schema`.`events_statements_summary_by_digest`.`SUM_CREATED_TMP_TABLES` desc */;
/*!50001 SET character_set_client      = @saved_cs_client */;
/*!50001 SET character_set_results     = @saved_cs_results */;
/*!50001 SET collation_connection      = @saved_col_connection */;

--
-- Final view structure for view `x$user_summary`
--

/*!50001 DROP VIEW IF EXISTS `x$user_summary`*/;
/*!50001 SET @saved_cs_client          = @@character_set_client */;
/*!50001 SET @saved_cs_results         = @@character_set_results */;
/*!50001 SET @saved_col_connection     = @@collation_connection */;
/*!50001 SET character_set_client      = utf8mb4 */;
/*!50001 SET character_set_results     = utf8mb4 */;
/*!50001 SET collation_connection      = utf8mb4_0900_ai_ci */;
/*!50001 CREATE ALGORITHM=TEMPTABLE */
/*!50013 DEFINER=`mysql.sys`@`localhost` SQL SECURITY INVOKER */
/*!50001 VIEW `x$user_summary` (`user`,`statements`,`statement_latency`,`statement_avg_latency`,`table_scans`,`file_ios`,`file_io_latency`,`current_connections`,`total_connections`,`unique_hosts`,`current_memory`,`total_memory_allocated`) AS select if((`performance_schema`.`accounts`.`USER` is null),'background',`performance_schema`.`accounts`.`USER`) AS `user`,sum(`stmt`.`total`) AS `statements`,sum(`stmt`.`total_latency`) AS `statement_latency`,ifnull((sum(`stmt`.`total_latency`) / nullif(sum(`stmt`.`total`),0)),0) AS `statement_avg_latency`,sum(`stmt`.`full_scans`) AS `table_scans`,sum(`io`.`ios`) AS `file_ios`,sum(`io`.`io_latency`) AS `file_io_latency`,sum(`performance_schema`.`accounts`.`CURRENT_CONNECTIONS`) AS `current_connections`,sum(`performance_schema`.`accounts`.`TOTAL_CONNECTIONS`) AS `total_connections`,count(distinct `performance_schema`.`accounts`.`HOST`) AS `unique_hosts`,sum(`mem`.`current_allocated`) AS `current_memory`,sum(`mem`.`total_allocated`) AS `total_memory_allocated` from (((`performance_schema`.`accounts` left join `x$user_summary_by_statement_latency` `stmt` on((if((`performance_schema`.`accounts`.`USER` is null),'background',`performance_schema`.`accounts`.`USER`) = `stmt`.`user`))) left join `x$user_summary_by_file_io` `io` on((if((`performance_schema`.`accounts`.`USER` is null),'background',`performance_schema`.`accounts`.`USER`) = `io`.`user`))) left join `x$memory_by_user_by_current_bytes` `mem` on((if((`performance_schema`.`accounts`.`USER` is null),'background',`performance_schema`.`accounts`.`USER`) = `mem`.`user`))) group by if((`performance_schema`.`accounts`.`USER` is null),'background',`performance_schema`.`accounts`.`USER`) order by sum(`stmt`.`total_latency`) desc */;
/*!50001 SET character_set_client      = @saved_cs_client */;
/*!50001 SET character_set_results     = @saved_cs_results */;
/*!50001 SET collation_connection      = @saved_col_connection */;

--
-- Final view structure for view `x$user_summary_by_file_io`
--

/*!50001 DROP VIEW IF EXISTS `x$user_summary_by_file_io`*/;
/*!50001 SET @saved_cs_client          = @@character_set_client */;
/*!50001 SET @saved_cs_results         = @@character_set_results */;
/*!50001 SET @saved_col_connection     = @@collation_connection */;
/*!50001 SET character_set_client      = utf8mb4 */;
/*!50001 SET character_set_results     = utf8mb4 */;
/*!50001 SET collation_connection      = utf8mb4_0900_ai_ci */;
/*!50001 CREATE ALGORITHM=TEMPTABLE */
/*!50013 DEFINER=`mysql.sys`@`localhost` SQL SECURITY INVOKER */
/*!50001 VIEW `x$user_summary_by_file_io` (`user`,`ios`,`io_latency`) AS select if((`performance_schema`.`events_waits_summary_by_user_by_event_name`.`USER` is null),'background',`performance_schema`.`events_waits_summary_by_user_by_event_name`.`USER`) AS `user`,sum(`performance_schema`.`events_waits_summary_by_user_by_event_name`.`COUNT_STAR`) AS `ios`,sum(`performance_schema`.`events_waits_summary_by_user_by_event_name`.`SUM_TIMER_WAIT`) AS `io_latency` from `performance_schema`.`events_waits_summary_by_user_by_event_name` where (`performance_schema`.`events_waits_summary_by_user_by_event_name`.`EVENT_NAME` like 'wait/io/file/%') group by if((`performance_schema`.`events_waits_summary_by_user_by_event_name`.`USER` is null),'background',`performance_schema`.`events_waits_summary_by_user_by_event_name`.`USER`) order by sum(`performance_schema`.`events_waits_summary_by_user_by_event_name`.`SUM_TIMER_WAIT`) desc */;
/*!50001 SET character_set_client      = @saved_cs_client */;
/*!50001 SET character_set_results     = @saved_cs_results */;
/*!50001 SET collation_connection      = @saved_col_connection */;

--
-- Final view structure for view `x$user_summary_by_file_io_type`
--

/*!50001 DROP VIEW IF EXISTS `x$user_summary_by_file_io_type`*/;
/*!50001 SET @saved_cs_client          = @@character_set_client */;
/*!50001 SET @saved_cs_results         = @@character_set_results */;
/*!50001 SET @saved_col_connection     = @@collation_connection */;
/*!50001 SET character_set_client      = utf8mb4 */;
/*!50001 SET character_set_results     = utf8mb4 */;
/*!50001 SET collation_connection      = utf8mb4_0900_ai_ci */;
/*!50001 CREATE ALGORITHM=MERGE */
/*!50013 DEFINER=`mysql.sys`@`localhost` SQL SECURITY INVOKER */
/*!50001 VIEW `x$user_summary_by_file_io_type` (`user`,`event_name`,`total`,`latency`,`max_latency`) AS select if((`performance_schema`.`events_waits_summary_by_user_by_event_name`.`USER` is null),'background',`performance_schema`.`events_waits_summary_by_user_by_event_name`.`USER`) AS `user`,`performance_schema`.`events_waits_summary_by_user_by_event_name`.`EVENT_NAME` AS `event_name`,`performance_schema`.`events_waits_summary_by_user_by_event_name`.`COUNT_STAR` AS `total`,`performance_schema`.`events_waits_summary_by_user_by_event_name`.`SUM_TIMER_WAIT` AS `latency`,`performance_schema`.`events_waits_summary_by_user_by_event_name`.`MAX_TIMER_WAIT` AS `max_latency` from `performance_schema`.`events_waits_summary_by_user_by_event_name` where ((`performance_schema`.`events_waits_summary_by_user_by_event_name`.`EVENT_NAME` like 'wait/io/file%') and (`performance_schema`.`events_waits_summary_by_user_by_event_name`.`COUNT_STAR` > 0)) order by if((`performance_schema`.`events_waits_summary_by_user_by_event_name`.`USER` is null),'background',`performance_schema`.`events_waits_summary_by_user_by_event_name`.`USER`),`performance_schema`.`events_waits_summary_by_user_by_event_name`.`SUM_TIMER_WAIT` desc */;
/*!50001 SET character_set_client      = @saved_cs_client */;
/*!50001 SET character_set_results     = @saved_cs_results */;
/*!50001 SET collation_connection      = @saved_col_connection */;

--
-- Final view structure for view `x$user_summary_by_stages`
--

/*!50001 DROP VIEW IF EXISTS `x$user_summary_by_stages`*/;
/*!50001 SET @saved_cs_client          = @@character_set_client */;
/*!50001 SET @saved_cs_results         = @@character_set_results */;
/*!50001 SET @saved_col_connection     = @@collation_connection */;
/*!50001 SET character_set_client      = utf8mb4 */;
/*!50001 SET character_set_results     = utf8mb4 */;
/*!50001 SET collation_connection      = utf8mb4_0900_ai_ci */;
/*!50001 CREATE ALGORITHM=MERGE */
/*!50013 DEFINER=`mysql.sys`@`localhost` SQL SECURITY INVOKER */
/*!50001 VIEW `x$user_summary_by_stages` (`user`,`event_name`,`total`,`total_latency`,`avg_latency`) AS select if((`performance_schema`.`events_stages_summary_by_user_by_event_name`.`USER` is null),'background',`performance_schema`.`events_stages_summary_by_user_by_event_name`.`USER`) AS `user`,`performance_schema`.`events_stages_summary_by_user_by_event_name`.`EVENT_NAME` AS `event_name`,`performance_schema`.`events_stages_summary_by_user_by_event_name`.`COUNT_STAR` AS `total`,`performance_schema`.`events_stages_summary_by_user_by_event_name`.`SUM_TIMER_WAIT` AS `total_latency`,`performance_schema`.`events_stages_summary_by_user_by_event_name`.`AVG_TIMER_WAIT` AS `avg_latency` from `performance_schema`.`events_stages_summary_by_user_by_event_name` where (`performance_schema`.`events_stages_summary_by_user_by_event_name`.`SUM_TIMER_WAIT` <> 0) order by if((`performance_schema`.`events_stages_summary_by_user_by_event_name`.`USER` is null),'background',`performance_schema`.`events_stages_summary_by_user_by_event_name`.`USER`),`performance_schema`.`events_stages_summary_by_user_by_event_name`.`SUM_TIMER_WAIT` desc */;
/*!50001 SET character_set_client      = @saved_cs_client */;
/*!50001 SET character_set_results     = @saved_cs_results */;
/*!50001 SET collation_connection      = @saved_col_connection */;

--
-- Final view structure for view `x$user_summary_by_statement_latency`
--

/*!50001 DROP VIEW IF EXISTS `x$user_summary_by_statement_latency`*/;
/*!50001 SET @saved_cs_client          = @@character_set_client */;
/*!50001 SET @saved_cs_results         = @@character_set_results */;
/*!50001 SET @saved_col_connection     = @@collation_connection */;
/*!50001 SET character_set_client      = utf8mb4 */;
/*!50001 SET character_set_results     = utf8mb4 */;
/*!50001 SET collation_connection      = utf8mb4_0900_ai_ci */;
/*!50001 CREATE ALGORITHM=TEMPTABLE */
/*!50013 DEFINER=`mysql.sys`@`localhost` SQL SECURITY INVOKER */
/*!50001 VIEW `x$user_summary_by_statement_latency` (`user`,`total`,`total_latency`,`max_latency`,`lock_latency`,`rows_sent`,`rows_examined`,`rows_affected`,`full_scans`) AS select if((`performance_schema`.`events_statements_summary_by_user_by_event_name`.`USER` is null),'background',`performance_schema`.`events_statements_summary_by_user_by_event_name`.`USER`) AS `user`,sum(`performance_schema`.`events_statements_summary_by_user_by_event_name`.`COUNT_STAR`) AS `total`,sum(`performance_schema`.`events_statements_summary_by_user_by_event_name`.`SUM_TIMER_WAIT`) AS `total_latency`,sum(`performance_schema`.`events_statements_summary_by_user_by_event_name`.`MAX_TIMER_WAIT`) AS `max_latency`,sum(`performance_schema`.`events_statements_summary_by_user_by_event_name`.`SUM_LOCK_TIME`) AS `lock_latency`,sum(`performance_schema`.`events_statements_summary_by_user_by_event_name`.`SUM_ROWS_SENT`) AS `rows_sent`,sum(`performance_schema`.`events_statements_summary_by_user_by_event_name`.`SUM_ROWS_EXAMINED`) AS `rows_examined`,sum(`performance_schema`.`events_statements_summary_by_user_by_event_name`.`SUM_ROWS_AFFECTED`) AS `rows_affected`,(sum(`performance_schema`.`events_statements_summary_by_user_by_event_name`.`SUM_NO_INDEX_USED`) + sum(`performance_schema`.`events_statements_summary_by_user_by_event_name`.`SUM_NO_GOOD_INDEX_USED`)) AS `full_scans` from `performance_schema`.`events_statements_summary_by_user_by_event_name` group by if((`performance_schema`.`events_statements_summary_by_user_by_event_name`.`USER` is null),'background',`performance_schema`.`events_statements_summary_by_user_by_event_name`.`USER`) order by sum(`performance_schema`.`events_statements_summary_by_user_by_event_name`.`SUM_TIMER_WAIT`) desc */;
/*!50001 SET character_set_client      = @saved_cs_client */;
/*!50001 SET character_set_results     = @saved_cs_results */;
/*!50001 SET collation_connection      = @saved_col_connection */;

--
-- Final view structure for view `x$user_summary_by_statement_type`
--

/*!50001 DROP VIEW IF EXISTS `x$user_summary_by_statement_type`*/;
/*!50001 SET @saved_cs_client          = @@character_set_client */;
/*!50001 SET @saved_cs_results         = @@character_set_results */;
/*!50001 SET @saved_col_connection     = @@collation_connection */;
/*!50001 SET character_set_client      = utf8mb4 */;
/*!50001 SET character_set_results     = utf8mb4 */;
/*!50001 SET collation_connection      = utf8mb4_0900_ai_ci */;
/*!50001 CREATE ALGORITHM=MERGE */
/*!50013 DEFINER=`mysql.sys`@`localhost` SQL SECURITY INVOKER */
/*!50001 VIEW `x$user_summary_by_statement_type` (`user`,`statement`,`total`,`total_latency`,`max_latency`,`lock_latency`,`rows_sent`,`rows_examined`,`rows_affected`,`full_scans`) AS select if((`performance_schema`.`events_statements_summary_by_user_by_event_name`.`USER` is null),'background',`performance_schema`.`events_statements_summary_by_user_by_event_name`.`USER`) AS `user`,substring_index(`performance_schema`.`events_statements_summary_by_user_by_event_name`.`EVENT_NAME`,'/',-(1)) AS `statement`,`performance_schema`.`events_statements_summary_by_user_by_event_name`.`COUNT_STAR` AS `total`,`performance_schema`.`events_statements_summary_by_user_by_event_name`.`SUM_TIMER_WAIT` AS `total_latency`,`performance_schema`.`events_statements_summary_by_user_by_event_name`.`MAX_TIMER_WAIT` AS `max_latency`,`performance_schema`.`events_statements_summary_by_user_by_event_name`.`SUM_LOCK_TIME` AS `lock_latency`,`performance_schema`.`events_statements_summary_by_user_by_event_name`.`SUM_ROWS_SENT` AS `rows_sent`,`performance_schema`.`events_statements_summary_by_user_by_event_name`.`SUM_ROWS_EXAMINED` AS `rows_examined`,`performance_schema`.`events_statements_summary_by_user_by_event_name`.`SUM_ROWS_AFFECTED` AS `rows_affected`,(`performance_schema`.`events_statements_summary_by_user_by_event_name`.`SUM_NO_INDEX_USED` + `performance_schema`.`events_statements_summary_by_user_by_event_name`.`SUM_NO_GOOD_INDEX_USED`) AS `full_scans` from `performance_schema`.`events_statements_summary_by_user_by_event_name` where (`performance_schema`.`events_statements_summary_by_user_by_event_name`.`SUM_TIMER_WAIT` <> 0) order by if((`performance_schema`.`events_statements_summary_by_user_by_event_name`.`USER` is null),'background',`performance_schema`.`events_statements_summary_by_user_by_event_name`.`USER`),`performance_schema`.`events_statements_summary_by_user_by_event_name`.`SUM_TIMER_WAIT` desc */;
/*!50001 SET character_set_client      = @saved_cs_client */;
/*!50001 SET character_set_results     = @saved_cs_results */;
/*!50001 SET collation_connection      = @saved_col_connection */;

--
-- Final view structure for view `x$wait_classes_global_by_avg_latency`
--

/*!50001 DROP VIEW IF EXISTS `x$wait_classes_global_by_avg_latency`*/;
/*!50001 SET @saved_cs_client          = @@character_set_client */;
/*!50001 SET @saved_cs_results         = @@character_set_results */;
/*!50001 SET @saved_col_connection     = @@collation_connection */;
/*!50001 SET character_set_client      = utf8mb4 */;
/*!50001 SET character_set_results     = utf8mb4 */;
/*!50001 SET collation_connection      = utf8mb4_0900_ai_ci */;
/*!50001 CREATE ALGORITHM=TEMPTABLE */
/*!50013 DEFINER=`mysql.sys`@`localhost` SQL SECURITY INVOKER */
/*!50001 VIEW `x$wait_classes_global_by_avg_latency` (`event_class`,`total`,`total_latency`,`min_latency`,`avg_latency`,`max_latency`) AS select substring_index(`performance_schema`.`events_waits_summary_global_by_event_name`.`EVENT_NAME`,'/',3) AS `event_class`,sum(`performance_schema`.`events_waits_summary_global_by_event_name`.`COUNT_STAR`) AS `total`,sum(`performance_schema`.`events_waits_summary_global_by_event_name`.`SUM_TIMER_WAIT`) AS `total_latency`,min(`performance_schema`.`events_waits_summary_global_by_event_name`.`MIN_TIMER_WAIT`) AS `min_latency`,ifnull((sum(`performance_schema`.`events_waits_summary_global_by_event_name`.`SUM_TIMER_WAIT`) / nullif(sum(`performance_schema`.`events_waits_summary_global_by_event_name`.`COUNT_STAR`),0)),0) AS `avg_latency`,max(`performance_schema`.`events_waits_summary_global_by_event_name`.`MAX_TIMER_WAIT`) AS `max_latency` from `performance_schema`.`events_waits_summary_global_by_event_name` where ((`performance_schema`.`events_waits_summary_global_by_event_name`.`SUM_TIMER_WAIT` > 0) and (`performance_schema`.`events_waits_summary_global_by_event_name`.`EVENT_NAME` <> 'idle')) group by `event_class` order by ifnull((sum(`performance_schema`.`events_waits_summary_global_by_event_name`.`SUM_TIMER_WAIT`) / nullif(sum(`performance_schema`.`events_waits_summary_global_by_event_name`.`COUNT_STAR`),0)),0) desc */;
/*!50001 SET character_set_client      = @saved_cs_client */;
/*!50001 SET character_set_results     = @saved_cs_results */;
/*!50001 SET collation_connection      = @saved_col_connection */;

--
-- Final view structure for view `x$wait_classes_global_by_latency`
--

/*!50001 DROP VIEW IF EXISTS `x$wait_classes_global_by_latency`*/;
/*!50001 SET @saved_cs_client          = @@character_set_client */;
/*!50001 SET @saved_cs_results         = @@character_set_results */;
/*!50001 SET @saved_col_connection     = @@collation_connection */;
/*!50001 SET character_set_client      = utf8mb4 */;
/*!50001 SET character_set_results     = utf8mb4 */;
/*!50001 SET collation_connection      = utf8mb4_0900_ai_ci */;
/*!50001 CREATE ALGORITHM=TEMPTABLE */
/*!50013 DEFINER=`mysql.sys`@`localhost` SQL SECURITY INVOKER */
/*!50001 VIEW `x$wait_classes_global_by_latency` (`event_class`,`total`,`total_latency`,`min_latency`,`avg_latency`,`max_latency`) AS select substring_index(`performance_schema`.`events_waits_summary_global_by_event_name`.`EVENT_NAME`,'/',3) AS `event_class`,sum(`performance_schema`.`events_waits_summary_global_by_event_name`.`COUNT_STAR`) AS `total`,sum(`performance_schema`.`events_waits_summary_global_by_event_name`.`SUM_TIMER_WAIT`) AS `total_latency`,min(`performance_schema`.`events_waits_summary_global_by_event_name`.`MIN_TIMER_WAIT`) AS `min_latency`,ifnull((sum(`performance_schema`.`events_waits_summary_global_by_event_name`.`SUM_TIMER_WAIT`) / nullif(sum(`performance_schema`.`events_waits_summary_global_by_event_name`.`COUNT_STAR`),0)),0) AS `avg_latency`,max(`performance_schema`.`events_waits_summary_global_by_event_name`.`MAX_TIMER_WAIT`) AS `max_latency` from `performance_schema`.`events_waits_summary_global_by_event_name` where ((`performance_schema`.`events_waits_summary_global_by_event_name`.`SUM_TIMER_WAIT` > 0) and (`performance_schema`.`events_waits_summary_global_by_event_name`.`EVENT_NAME` <> 'idle')) group by substring_index(`performance_schema`.`events_waits_summary_global_by_event_name`.`EVENT_NAME`,'/',3) order by sum(`performance_schema`.`events_waits_summary_global_by_event_name`.`SUM_TIMER_WAIT`) desc */;
/*!50001 SET character_set_client      = @saved_cs_client */;
/*!50001 SET character_set_results     = @saved_cs_results */;
/*!50001 SET collation_connection      = @saved_col_connection */;

--
-- Final view structure for view `x$waits_by_host_by_latency`
--

/*!50001 DROP VIEW IF EXISTS `x$waits_by_host_by_latency`*/;
/*!50001 SET @saved_cs_client          = @@character_set_client */;
/*!50001 SET @saved_cs_results         = @@character_set_results */;
/*!50001 SET @saved_col_connection     = @@collation_connection */;
/*!50001 SET character_set_client      = utf8mb4 */;
/*!50001 SET character_set_results     = utf8mb4 */;
/*!50001 SET collation_connection      = utf8mb4_0900_ai_ci */;
/*!50001 CREATE ALGORITHM=MERGE */
/*!50013 DEFINER=`mysql.sys`@`localhost` SQL SECURITY INVOKER */
/*!50001 VIEW `x$waits_by_host_by_latency` (`host`,`event`,`total`,`total_latency`,`avg_latency`,`max_latency`) AS select if((`performance_schema`.`events_waits_summary_by_host_by_event_name`.`HOST` is null),'background',`performance_schema`.`events_waits_summary_by_host_by_event_name`.`HOST`) AS `host`,`performance_schema`.`events_waits_summary_by_host_by_event_name`.`EVENT_NAME` AS `event`,`performance_schema`.`events_waits_summary_by_host_by_event_name`.`COUNT_STAR` AS `total`,`performance_schema`.`events_waits_summary_by_host_by_event_name`.`SUM_TIMER_WAIT` AS `total_latency`,`performance_schema`.`events_waits_summary_by_host_by_event_name`.`AVG_TIMER_WAIT` AS `avg_latency`,`performance_schema`.`events_waits_summary_by_host_by_event_name`.`MAX_TIMER_WAIT` AS `max_latency` from `performance_schema`.`events_waits_summary_by_host_by_event_name` where ((`performance_schema`.`events_waits_summary_by_host_by_event_name`.`EVENT_NAME` <> 'idle') and (`performance_schema`.`events_waits_summary_by_host_by_event_name`.`SUM_TIMER_WAIT` > 0)) order by if((`performance_schema`.`events_waits_summary_by_host_by_event_name`.`HOST` is null),'background',`performance_schema`.`events_waits_summary_by_host_by_event_name`.`HOST`),`performance_schema`.`events_waits_summary_by_host_by_event_name`.`SUM_TIMER_WAIT` desc */;
/*!50001 SET character_set_client      = @saved_cs_client */;
/*!50001 SET character_set_results     = @saved_cs_results */;
/*!50001 SET collation_connection      = @saved_col_connection */;

--
-- Final view structure for view `x$waits_by_user_by_latency`
--

/*!50001 DROP VIEW IF EXISTS `x$waits_by_user_by_latency`*/;
/*!50001 SET @saved_cs_client          = @@character_set_client */;
/*!50001 SET @saved_cs_results         = @@character_set_results */;
/*!50001 SET @saved_col_connection     = @@collation_connection */;
/*!50001 SET character_set_client      = utf8mb4 */;
/*!50001 SET character_set_results     = utf8mb4 */;
/*!50001 SET collation_connection      = utf8mb4_0900_ai_ci */;
/*!50001 CREATE ALGORITHM=MERGE */
/*!50013 DEFINER=`mysql.sys`@`localhost` SQL SECURITY INVOKER */
/*!50001 VIEW `x$waits_by_user_by_latency` (`user`,`event`,`total`,`total_latency`,`avg_latency`,`max_latency`) AS select if((`performance_schema`.`events_waits_summary_by_user_by_event_name`.`USER` is null),'background',`performance_schema`.`events_waits_summary_by_user_by_event_name`.`USER`) AS `user`,`performance_schema`.`events_waits_summary_by_user_by_event_name`.`EVENT_NAME` AS `event`,`performance_schema`.`events_waits_summary_by_user_by_event_name`.`COUNT_STAR` AS `total`,`performance_schema`.`events_waits_summary_by_user_by_event_name`.`SUM_TIMER_WAIT` AS `total_latency`,`performance_schema`.`events_waits_summary_by_user_by_event_name`.`AVG_TIMER_WAIT` AS `avg_latency`,`performance_schema`.`events_waits_summary_by_user_by_event_name`.`MAX_TIMER_WAIT` AS `max_latency` from `performance_schema`.`events_waits_summary_by_user_by_event_name` where ((`performance_schema`.`events_waits_summary_by_user_by_event_name`.`EVENT_NAME` <> 'idle') and (`performance_schema`.`events_waits_summary_by_user_by_event_name`.`USER` is not null) and (`performance_schema`.`events_waits_summary_by_user_by_event_name`.`SUM_TIMER_WAIT` > 0)) order by if((`performance_schema`.`events_waits_summary_by_user_by_event_name`.`USER` is null),'background',`performance_schema`.`events_waits_summary_by_user_by_event_name`.`USER`),`performance_schema`.`events_waits_summary_by_user_by_event_name`.`SUM_TIMER_WAIT` desc */;
/*!50001 SET character_set_client      = @saved_cs_client */;
/*!50001 SET character_set_results     = @saved_cs_results */;
/*!50001 SET collation_connection      = @saved_col_connection */;

--
-- Final view structure for view `x$waits_global_by_latency`
--

/*!50001 DROP VIEW IF EXISTS `x$waits_global_by_latency`*/;
/*!50001 SET @saved_cs_client          = @@character_set_client */;
/*!50001 SET @saved_cs_results         = @@character_set_results */;
/*!50001 SET @saved_col_connection     = @@collation_connection */;
/*!50001 SET character_set_client      = utf8mb4 */;
/*!50001 SET character_set_results     = utf8mb4 */;
/*!50001 SET collation_connection      = utf8mb4_0900_ai_ci */;
/*!50001 CREATE ALGORITHM=MERGE */
/*!50013 DEFINER=`mysql.sys`@`localhost` SQL SECURITY INVOKER */
/*!50001 VIEW `x$waits_global_by_latency` (`events`,`total`,`total_latency`,`avg_latency`,`max_latency`) AS select `performance_schema`.`events_waits_summary_global_by_event_name`.`EVENT_NAME` AS `event`,`performance_schema`.`events_waits_summary_global_by_event_name`.`COUNT_STAR` AS `total`,`performance_schema`.`events_waits_summary_global_by_event_name`.`SUM_TIMER_WAIT` AS `total_latency`,`performance_schema`.`events_waits_summary_global_by_event_name`.`AVG_TIMER_WAIT` AS `avg_latency`,`performance_schema`.`events_waits_summary_global_by_event_name`.`MAX_TIMER_WAIT` AS `max_latency` from `performance_schema`.`events_waits_summary_global_by_event_name` where ((`performance_schema`.`events_waits_summary_global_by_event_name`.`EVENT_NAME` <> 'idle') and (`performance_schema`.`events_waits_summary_global_by_event_name`.`SUM_TIMER_WAIT` > 0)) order by `performance_schema`.`events_waits_summary_global_by_event_name`.`SUM_TIMER_WAIT` desc */;
/*!50001 SET character_set_client      = @saved_cs_client */;
/*!50001 SET character_set_results     = @saved_cs_results */;
/*!50001 SET collation_connection      = @saved_col_connection */;
/*!40103 SET TIME_ZONE=@OLD_TIME_ZONE */;

/*!40101 SET SQL_MODE=@OLD_SQL_MODE */;
/*!40014 SET FOREIGN_KEY_CHECKS=@OLD_FOREIGN_KEY_CHECKS */;
/*!40014 SET UNIQUE_CHECKS=@OLD_UNIQUE_CHECKS */;
/*!40101 SET CHARACTER_SET_CLIENT=@OLD_CHARACTER_SET_CLIENT */;
/*!40101 SET CHARACTER_SET_RESULTS=@OLD_CHARACTER_SET_RESULTS */;
/*!40101 SET COLLATION_CONNECTION=@OLD_COLLATION_CONNECTION */;
/*!40111 SET SQL_NOTES=@OLD_SQL_NOTES */;

-- Dump completed on 2021-10-25 20:49:53
-- MySQL dump 10.13  Distrib 8.0.26, for Win64 (x86_64)
--
-- Host: localhost    Database: movies
-- ------------------------------------------------------
-- Server version	8.0.26

/*!40101 SET @OLD_CHARACTER_SET_CLIENT=@@CHARACTER_SET_CLIENT */;
/*!40101 SET @OLD_CHARACTER_SET_RESULTS=@@CHARACTER_SET_RESULTS */;
/*!40101 SET @OLD_COLLATION_CONNECTION=@@COLLATION_CONNECTION */;
/*!50503 SET NAMES utf8 */;
/*!40103 SET @OLD_TIME_ZONE=@@TIME_ZONE */;
/*!40103 SET TIME_ZONE='+00:00' */;
/*!40014 SET @OLD_UNIQUE_CHECKS=@@UNIQUE_CHECKS, UNIQUE_CHECKS=0 */;
/*!40014 SET @OLD_FOREIGN_KEY_CHECKS=@@FOREIGN_KEY_CHECKS, FOREIGN_KEY_CHECKS=0 */;
/*!40101 SET @OLD_SQL_MODE=@@SQL_MODE, SQL_MODE='NO_AUTO_VALUE_ON_ZERO' */;
/*!40111 SET @OLD_SQL_NOTES=@@SQL_NOTES, SQL_NOTES=0 */;

--
-- Table structure for table `movies`
--

DROP TABLE IF EXISTS `movies`;
/*!40101 SET @saved_cs_client     = @@character_set_client */;
/*!50503 SET character_set_client = utf8mb4 */;
CREATE TABLE `movies` (
  `movies_id` text,
  `title` text,
  `studio` text,
  `year` text,
  `genre_list_id` text,
  `cast_list_id` text,
  `rating` text
) ENGINE=InnoDB DEFAULT CHARSET=utf8mb4 COLLATE=utf8mb4_0900_ai_ci;
/*!40101 SET character_set_client = @saved_cs_client */;

--
-- Dumping data for table `movies`
--

LOCK TABLES `movies` WRITE;
/*!40000 ALTER TABLE `movies` DISABLE KEYS */;
INSERT INTO `movies` VALUES ('movies_id','title','studio','year','genre_list_id','cast_list_id','rating');
/*!40000 ALTER TABLE `movies` ENABLE KEYS */;
UNLOCK TABLES;
/*!40103 SET TIME_ZONE=@OLD_TIME_ZONE */;

/*!40101 SET SQL_MODE=@OLD_SQL_MODE */;
/*!40014 SET FOREIGN_KEY_CHECKS=@OLD_FOREIGN_KEY_CHECKS */;
/*!40014 SET UNIQUE_CHECKS=@OLD_UNIQUE_CHECKS */;
/*!40101 SET CHARACTER_SET_CLIENT=@OLD_CHARACTER_SET_CLIENT */;
/*!40101 SET CHARACTER_SET_RESULTS=@OLD_CHARACTER_SET_RESULTS */;
/*!40101 SET COLLATION_CONNECTION=@OLD_COLLATION_CONNECTION */;
/*!40111 SET SQL_NOTES=@OLD_SQL_NOTES */;

-- Dump completed on 2021-10-25 20:49:54
